country,region,year,diarrhoeal_diseases,hiv,pertussis,measles,meningitis_encephalitis,malaria,respiratory_infections,prematurity,birth_asphixia,sepsis_infectious_newborn,perinatal_nutritional,congenital_anomalies,injuries,other
Angola,Sub-Saharan Africa,2013,24.6,1.9,1,0.7,6,21.2,28.9,17.4,15.6,7.9,16.8,8.6,8.6,6.7
Angola,Sub-Saharan Africa,2012,26,1.9,1,1.4,6.3,21.6,29.6,18,15.5,7.9,17,9.3,8.7,6.9
Angola,Sub-Saharan Africa,2011,27.1,1.9,1,0.6,6.7,23.6,30.1,18.6,15.4,7.8,17.4,8.6,8.7,6.8
Angola,Sub-Saharan Africa,2010,28,1.8,1,0.4,6.6,26.6,29.8,18.3,15.3,8.2,17.6,8.9,8.6,6.6
Angola,Sub-Saharan Africa,2009,29.3,1.8,1.1,1.1,7.8,28.2,31.6,17.7,15.8,8.4,19.1,7.7,8.6,5.4
Angola,Sub-Saharan Africa,2008,31.5,1.9,1.1,0.4,7.7,28.3,32,18.4,15.4,8.2,19.8,7.8,8.9,5.6
Angola,Sub-Saharan Africa,2007,33.5,1.9,1.1,0.4,7.9,28,32.8,18.5,15.3,8.2,20.4,8.2,9,5.8
Angola,Sub-Saharan Africa,2006,33,1.9,1.3,0.7,12.8,26.9,37.5,18.7,15.4,7.4,19.5,6,8.6,5.4
Angola,Sub-Saharan Africa,2005,33.9,2,1.3,0.4,12.9,29,37.5,18.4,15.5,7.2,19.6,5.8,8.5,5.4
Angola,Sub-Saharan Africa,2004,34.9,2,1.3,0,13,30.1,37.4,18.9,14.8,7.4,19.5,6.1,8.5,5.4
Angola,Sub-Saharan Africa,2003,36.4,2,1.3,2.4,13.3,30.3,38,18.6,15.1,7,19.8,5.9,8.6,5.5
Angola,Sub-Saharan Africa,2002,37.7,1.9,1.3,7.1,13.4,30.4,37.9,19.6,14.1,7.4,19.7,6.3,8.6,5.5
Angola,Sub-Saharan Africa,2001,39.1,1.8,1.3,5.6,13.7,30.7,38.3,19.7,14,6.9,19.9,6.1,8.6,5.5
Angola,Sub-Saharan Africa,2000,40.5,1.8,1.4,1.6,13.8,31.5,38.7,19.1,14.6,6.2,20.1,5.3,8.7,5.6
Benin,Sub-Saharan Africa,2013,7.7,0.8,1.1,1.8,2,17.6,12.5,10.4,8.4,5,6.3,3.6,4.3,2.7
Benin,Sub-Saharan Africa,2012,8.4,0.8,1.1,0.6,2,18.5,12.9,10.5,8.7,5.2,6.7,3.7,4.5,2.9
Benin,Sub-Saharan Africa,2011,9,1,1.1,1.8,2.1,19.9,13.2,10.8,8.9,5.3,6.9,3.7,4.5,2.9
Benin,Sub-Saharan Africa,2010,9.8,1.1,1.1,2,2.3,20.5,13.9,11.1,9.1,5.5,7.8,3.7,4.7,2.5
Benin,Sub-Saharan Africa,2009,10.8,1.2,1.1,2.7,2.5,20.1,14.7,11.4,9.3,5.7,8.3,3.8,4.9,2.7
Benin,Sub-Saharan Africa,2008,11.7,1.3,1.1,2.3,2.8,20.6,15.5,11.8,9.5,5.9,8.7,3.8,5.1,2.8
Benin,Sub-Saharan Africa,2007,12.3,1.2,1.1,1.2,2.8,23.3,15.6,11.8,9.7,6.1,8.8,3.8,5.1,2.8
Benin,Sub-Saharan Africa,2006,12.5,1.4,1.1,0.5,2.9,27.6,15.6,12,10,6.2,8.6,3.6,4.9,2.7
Benin,Sub-Saharan Africa,2005,12.5,1.8,1.1,1.1,3.5,31.3,16.3,12.3,10.2,6.2,8.3,3.4,4.6,2.5
Benin,Sub-Saharan Africa,2004,13.1,2,1.1,0.5,4.3,33.4,17.6,12.7,10.4,6.4,8.4,3.4,4.6,2.5
Benin,Sub-Saharan Africa,2003,14.4,2,1.1,2.3,4.7,35.2,18.4,13.5,10.4,6.4,8.8,3.4,4.7,2.7
Benin,Sub-Saharan Africa,2002,15.6,2,1.1,4.2,5,36.8,19.1,13.7,10.7,6.6,9.2,3.5,4.9,2.8
Benin,Sub-Saharan Africa,2001,16.7,2,1.1,13.7,5.2,38.1,19.6,14.1,10.8,6.6,9.5,3.6,5,2.9
Benin,Sub-Saharan Africa,2000,17.6,1.9,1.1,10.2,5.4,39,20,13.9,11,6.9,9.7,3.7,5,2.9
Botswana,Sub-Saharan Africa,2013,2.9,2.6,0.2,0.8,0.5,0,5.9,10.7,6.2,3.8,3.8,4.8,2.6,1.7
Botswana,Sub-Saharan Africa,2012,3.1,2.6,0.2,0.5,0.5,0,6.1,10.8,6.3,3.8,3.9,4.8,2.7,1.7
Botswana,Sub-Saharan Africa,2011,3.3,4.3,0.2,0.6,0.6,0,6.3,11.2,6.6,4,3.9,4.8,2.7,1.8
Botswana,Sub-Saharan Africa,2010,3.2,4.9,0.2,0.9,1,0.1,7.4,11.2,6.7,4.1,3.8,4.7,2.5,1.6
Botswana,Sub-Saharan Africa,2009,3.5,7,0.2,0.6,1,0.1,7.5,11.4,6.9,4.2,3.8,4.6,2.5,1.7
Botswana,Sub-Saharan Africa,2008,3.7,8.7,0.2,0.3,1.1,0.1,7.6,11.8,6.8,4.1,3.9,4.5,2.5,1.7
Botswana,Sub-Saharan Africa,2007,3.8,9.1,0.2,0.3,1.1,0.1,7.8,11.8,6.8,4.1,3.9,4.5,2.5,1.7
Botswana,Sub-Saharan Africa,2006,4,10.7,0.2,0.2,1.1,0.3,7.8,11.4,6.7,4,3.9,4.4,2.5,1.7
Botswana,Sub-Saharan Africa,2005,4.3,16,0.2,0.5,1.2,0.1,7.9,10.9,6.5,3.8,4,4.2,2.5,1.7
Botswana,Sub-Saharan Africa,2004,4.7,25.6,0.2,0.6,1.3,0.4,7.9,10.3,6.3,3.5,3.9,3.9,2.4,1.7
Botswana,Sub-Saharan Africa,2003,5.1,36,0.2,0.7,1.4,0.2,8,9.9,6.2,3.3,3.9,3.6,2.3,1.7
Botswana,Sub-Saharan Africa,2002,5.1,41.3,0.2,0.9,1.4,0.2,7.7,9.5,6.1,3.2,3.7,3.5,2.2,1.6
Botswana,Sub-Saharan Africa,2001,4.8,43,0.2,1.8,1.3,0.6,7.2,9.1,6.1,3.2,3.5,3.3,2,1.4
Botswana,Sub-Saharan Africa,2000,4.4,42.8,0.2,7.6,1.2,1.3,6.6,8.8,6.1,3.2,3.2,3.2,1.9,1.3
Burkina Faso,Sub-Saharan Africa,2013,9.6,0.6,1,1.5,2.4,21.8,14.5,10.6,8.5,5.3,7.5,4,5.2,3.6
Burkina Faso,Sub-Saharan Africa,2012,10.6,0.6,1,0.6,2.6,22.9,15.2,10.9,8.8,5.4,7.9,4.2,5.3,3.8
Burkina Faso,Sub-Saharan Africa,2011,11.9,0.8,1,1.8,2.9,23.3,16.2,11.4,9,5.6,8.5,4.4,5.6,4.1
Burkina Faso,Sub-Saharan Africa,2010,13.1,0.9,1,2.9,3.1,25.2,17,12,9.2,5.8,9,4.5,5.8,4.3
Burkina Faso,Sub-Saharan Africa,2009,13.8,1.1,1,5.5,3.3,30.9,17.2,12.2,9.5,6,9.1,4.4,5.7,4.3
Burkina Faso,Sub-Saharan Africa,2008,14.8,1.4,1,0.3,3.4,37,17.5,12.8,9.8,6.1,9.3,4.3,5.7,4.3
Burkina Faso,Sub-Saharan Africa,2007,16.6,1.6,1,0.8,3.9,39.8,18.9,13.1,10.1,6.3,9.9,4.4,6,4.6
Burkina Faso,Sub-Saharan Africa,2006,18.5,1.8,1.1,0.8,4.7,42.3,20.6,13.7,10.4,6.4,10.4,4.2,6.2,5.1
Burkina Faso,Sub-Saharan Africa,2005,18.9,2.2,1.1,0.5,6.9,44.9,23.5,14,10.4,6.4,10.1,4,5.9,4.9
Burkina Faso,Sub-Saharan Africa,2004,20.3,2.5,1.1,1.8,7.3,48.5,24.3,14.3,10.5,6.4,10.3,3.9,6,5.2
Burkina Faso,Sub-Saharan Africa,2003,21.8,2.9,1.1,3.8,7.8,50.7,25.2,14,11.2,6.2,10.6,3.7,6.1,5.4
Burkina Faso,Sub-Saharan Africa,2002,23,3.3,1.2,0.7,8,52.8,25.5,14.7,10.8,6.2,10.6,3.6,6.1,5.5
Burkina Faso,Sub-Saharan Africa,2001,23.9,3.8,1.2,7,8.2,53.9,25.7,14.8,11.1,5.8,10.7,3.5,6.1,5.5
Burkina Faso,Sub-Saharan Africa,2000,24.6,4.2,1.3,9.2,8.3,54.4,25.6,15.4,10.7,5.6,10.6,3.3,6.1,5.5
Burundi,Sub-Saharan Africa,2013,9.4,1.1,1,0.5,2,4.1,15,9.9,9.6,5.7,9.5,3.5,5.8,3
Burundi,Sub-Saharan Africa,2012,10.2,1.1,1,0.2,2.1,4.3,15.5,10.2,9.8,5.9,9.8,3.5,6,3.1
Burundi,Sub-Saharan Africa,2011,11,1.2,1,0.2,2.2,4.6,16,10.6,10.2,5.8,10.2,3.4,6.1,3.2
Burundi,Sub-Saharan Africa,2010,11.7,1.5,1,0.2,2.4,5.3,16.5,10.3,10.7,6.3,10.5,3.4,6.1,3.2
Burundi,Sub-Saharan Africa,2009,12.5,1.8,1,0.4,2.5,6.2,17.1,10.4,10.9,6.6,10.7,3.4,6.2,3.3
Burundi,Sub-Saharan Africa,2008,13.6,2.1,1,0.3,2.8,7.1,17.8,11.3,11,6.5,11.1,3.3,6.4,3.4
Burundi,Sub-Saharan Africa,2007,15,2.4,1,0.2,2.8,8.1,18.5,11.3,11.6,6.7,11.7,3.4,6.6,3.6
Burundi,Sub-Saharan Africa,2006,16.2,2.8,1,0.5,3.2,9.3,19.4,12,11.7,6.5,12.1,3.4,6.7,3.7
Burundi,Sub-Saharan Africa,2005,17.7,3.3,1,0.4,3.6,10.2,20.6,12,12.5,6.5,12.6,3.3,6.9,3.9
Burundi,Sub-Saharan Africa,2004,19.5,3.9,1,0.3,4,11,21.8,12.5,12.6,6.7,13.2,3.2,7.1,4.1
Burundi,Sub-Saharan Africa,2003,19.7,4.5,1,0.1,6.7,10.8,25.7,12.9,12.8,6.9,12.8,3.1,6.8,3.9
Burundi,Sub-Saharan Africa,2002,21.5,5.1,1.1,0.7,7.2,11.4,26.9,13.4,12.9,6.9,13.4,3.1,7,4.1
Burundi,Sub-Saharan Africa,2001,23.5,5.7,1.1,8.8,7.7,12,28.1,14.3,12.8,6.6,14,3.1,7.2,4.3
Burundi,Sub-Saharan Africa,2000,25.2,6.1,1.1,7.9,8.2,12.4,29,14.9,12.8,6.4,14.4,3.1,7.3,4.5
Côte d'Ivoire,Sub-Saharan Africa,2013,9.4,2.3,1,0,2.3,15,14.4,13,12.4,7.1,8.2,4.2,4.7,2.5
Côte d'Ivoire,Sub-Saharan Africa,2012,10,2.3,1,0.3,2.5,15.5,15,13.7,12.2,7.5,8.4,4.4,4.8,2.5
Côte d'Ivoire,Sub-Saharan Africa,2011,10.5,2.6,1.2,1.2,2.9,16.7,15.9,14,13,7.1,8.4,3.8,4.8,2.5
Côte d'Ivoire,Sub-Saharan Africa,2010,10.6,3,1.1,0.7,2.5,20.9,14.9,14,12.8,7.7,8.3,4.2,4.6,2.5
Côte d'Ivoire,Sub-Saharan Africa,2009,10.4,3.9,1.1,0.3,2.5,25.3,14.4,13.6,13,8.2,7.9,4.1,4.3,2.3
Côte d'Ivoire,Sub-Saharan Africa,2008,10.1,4.8,1.1,0.6,3.5,26.8,16.1,13.8,13.2,8.2,7.4,3.9,4,2.1
Côte d'Ivoire,Sub-Saharan Africa,2007,10.5,6.1,1.1,0.4,3.6,28.4,16,15.1,12.7,7.8,7.4,3.9,4,2.1
Côte d'Ivoire,Sub-Saharan Africa,2006,11,6.9,1.1,0.1,3.7,29.7,16.4,14.7,13.8,7.5,7.5,3.8,4,2.1
Côte d'Ivoire,Sub-Saharan Africa,2005,11.5,7.4,1.1,1.4,3.8,30.9,16.5,15.1,13.6,7.8,7.5,4.1,4,2.1
Côte d'Ivoire,Sub-Saharan Africa,2004,12.4,7.9,1.2,3.9,4,31,17,16,13.7,7.3,7.7,4,4.1,2.2
Côte d'Ivoire,Sub-Saharan Africa,2003,13,8.2,1.2,5.3,4.2,31.5,17.2,16.6,13.5,7.6,7.8,3.9,4.1,2.2
Côte d'Ivoire,Sub-Saharan Africa,2002,13.5,8.4,1.2,6.3,4.3,31.8,17.4,16.7,13.6,7.7,7.9,4,4.1,2.2
Côte d'Ivoire,Sub-Saharan Africa,2001,14,8.4,1.2,6.2,4.4,31.9,17.5,16.8,13.8,7.8,8,4,4.1,2.3
Côte d'Ivoire,Sub-Saharan Africa,2000,14.5,8.2,1.2,6.2,4.4,31.9,17.5,16.9,13.8,7.9,8,4,4.1,2.2
Cabo Verde,Sub-Saharan Africa,2013,1.4,0.8,0.2,0,0.4,0,3.8,4.8,2,1.4,2.8,4.7,0.9,2.6
Cabo Verde,Sub-Saharan Africa,2012,1.5,0.8,0.2,0.1,0.5,0,4,4.8,2,1.5,2.9,4.8,0.9,2.7
Cabo Verde,Sub-Saharan Africa,2011,1.7,1,0.2,0.1,0.5,0,4,5,2.1,1.4,3,4.8,0.9,2.7
Cabo Verde,Sub-Saharan Africa,2010,1.6,1.6,0.2,0.1,0.4,0,4.4,4.8,2,1.5,2.1,5,1,3
Cabo Verde,Sub-Saharan Africa,2009,1.7,1.9,0.2,0.3,0.4,0,4.5,4.8,2.1,1.5,2,4.9,1,2.9
Cabo Verde,Sub-Saharan Africa,2008,1.7,2.1,0.2,0.3,0.4,0,4.5,4.9,2.1,1.5,1.9,4.9,0.9,2.8
Cabo Verde,Sub-Saharan Africa,2007,1.8,2.2,0.2,0.2,0.4,0,4.5,4.8,2.2,1.5,1.8,4.8,0.9,2.7
Cabo Verde,Sub-Saharan Africa,2006,1.9,2.3,0.2,0.2,0.4,0,4.4,4.8,2.2,1.5,1.6,4.7,0.9,2.7
Cabo Verde,Sub-Saharan Africa,2005,2,2.5,0.2,0.4,0.4,0,4.4,4.8,2.2,1.4,1.4,4.6,0.8,2.6
Cabo Verde,Sub-Saharan Africa,2004,2.2,2.4,0.2,0.4,0.4,0,4.4,4.9,2.3,1.4,1.3,4.4,0.9,2.5
Cabo Verde,Sub-Saharan Africa,2003,2.4,2.3,0.2,0.4,0.4,0,4.6,5.1,2.4,1.4,1.2,4.3,0.9,2.5
Cabo Verde,Sub-Saharan Africa,2002,2.7,2.3,0.2,0.5,0.4,0,5,5.4,2.6,1.3,1.2,4.3,1.1,2.6
Cabo Verde,Sub-Saharan Africa,2001,3.2,2.2,0.2,0.6,0.5,0,5.6,5.7,2.8,1,1.2,4.3,1.3,2.7
Cabo Verde,Sub-Saharan Africa,2000,3.8,2.2,0.2,0.7,0.5,0.1,6.4,6.2,3.1,1.4,1.4,4.5,1.6,2.9
Cameroon,Sub-Saharan Africa,2013,10.6,2.7,1.1,0.3,2.6,11.6,15.9,10,10.5,5.3,7.9,4.8,5.6,4.4
Cameroon,Sub-Saharan Africa,2012,11.4,2.7,1.1,0.5,2.8,11.9,16.5,10.2,10.6,5.3,8.2,4.9,5.7,4.5
Cameroon,Sub-Saharan Africa,2011,11.6,3.1,1.1,0.4,2.8,15.4,16.3,10.8,10.5,5.1,8,4.5,5.5,4.3
Cameroon,Sub-Saharan Africa,2010,11.5,3.7,1.1,0.2,2.7,19.6,15.8,10.1,10.8,5.6,7.8,4.5,5.2,4
Cameroon,Sub-Saharan Africa,2009,12.5,4.6,1.1,0.4,3,19.9,16.6,10.5,11,5.6,8.3,4.4,5.4,4.1
Cameroon,Sub-Saharan Africa,2008,12.8,5,1.1,0.2,4.6,18.2,19.4,11,10.7,5.8,8.2,4.5,5.2,4
Cameroon,Sub-Saharan Africa,2007,13.7,5.5,1.1,0.3,4.8,19.2,19.9,11.4,10.9,5.8,8.5,4.3,5.3,4
Cameroon,Sub-Saharan Africa,2006,14.3,5.7,1.1,0.6,4.9,21.2,20,11.9,10.7,6,8.7,4.3,5.3,4
Cameroon,Sub-Saharan Africa,2005,14.9,6,1.1,0.7,5,23.6,20.1,12.4,10.8,5.9,8.8,4.1,5.2,3.8
Cameroon,Sub-Saharan Africa,2004,15.8,6.1,1.2,0.5,5.3,25.4,20.5,13,11,5.8,9.1,3.9,5.3,3.8
Cameroon,Sub-Saharan Africa,2003,17.1,6.2,1.2,0.2,5.6,26.4,21.3,13.3,11.2,5.8,9.5,3.9,5.4,3.9
Cameroon,Sub-Saharan Africa,2002,18.6,6.2,1.2,0.3,6,27.7,22.1,14,11.4,5.6,9.9,3.8,5.6,4
Cameroon,Sub-Saharan Africa,2001,20.1,6,1.2,10.9,6.4,28.8,22.9,15.1,11.3,5.1,10.4,3.8,5.7,4.1
Cameroon,Sub-Saharan Africa,2000,21.5,5.7,1.2,7.4,6.7,29.8,23.7,15.1,11.6,5.3,11.5,3.9,5.9,3.5
Central African Republic,Sub-Saharan Africa,2013,12.9,4.3,1.3,0,4.9,35.2,20.5,14.9,15.2,5.9,9.6,3.3,5,3.1
Central African Republic,Sub-Saharan Africa,2012,13.8,4.3,1.3,1.3,4.6,36.9,20.1,15.8,14.2,6.9,9.9,3.7,5.2,3.3
Central African Republic,Sub-Saharan Africa,2011,14.8,5.3,1.3,5.4,4.9,38.5,20.9,15,14.9,7.6,10.3,3.8,5.3,3.4
Central African Republic,Sub-Saharan Africa,2010,15.6,6.3,1.3,0.9,5.1,39.5,21.5,14.9,15.2,7.9,10.5,4,5.3,3.4
Central African Republic,Sub-Saharan Africa,2009,16.3,7.3,1.3,0.2,5.3,40.8,21.9,14.3,15.7,8.1,10.6,4,5.3,3.4
Central African Republic,Sub-Saharan Africa,2008,16.6,8.3,1.3,1.2,6.5,39.9,23.5,14.4,15.7,8.1,10.5,4.1,5.2,3.3
Central African Republic,Sub-Saharan Africa,2007,17.4,9.2,1.3,0.8,6.6,39.8,23.5,16.8,14.6,6.6,10.5,3.9,5.2,3.4
Central African Republic,Sub-Saharan Africa,2006,17.8,10.2,1.3,0.4,6.7,40.1,23.4,17.1,14.5,6.5,10.5,3.9,5.2,3.3
Central African Republic,Sub-Saharan Africa,2005,17.9,11,1.3,5.5,6.5,41.3,22.9,17.2,14.4,6.2,10.3,3.9,5,3.2
Central African Republic,Sub-Saharan Africa,2004,18,11.4,1.3,10.3,6.4,42.2,22.5,18.1,13.8,5.4,10,3.7,4.9,3.1
Central African Republic,Sub-Saharan Africa,2003,18.4,11.5,1.3,6.7,6.4,42.4,22.3,18.4,13.6,5.2,9.9,3.6,4.8,3.1
Central African Republic,Sub-Saharan Africa,2002,18.8,11.5,1.3,9.1,6.4,42.3,22.1,18.5,13.6,5.1,9.9,3.5,4.8,3.1
Central African Republic,Sub-Saharan Africa,2001,19.1,11.2,1.3,15.3,6.3,42.1,22,18.3,13.6,5.3,9.8,3.4,4.7,3
Central African Republic,Sub-Saharan Africa,2000,19.5,10.9,1.3,17.6,6.3,42.1,21.9,18,13.8,5.3,9.8,3.4,4.7,3
Chad,Sub-Saharan Africa,2013,17.9,2.8,1.4,0,6.2,27.6,25,16.2,12.1,5.3,14.1,3.8,7,4.2
Chad,Sub-Saharan Africa,2012,19,2.8,1.4,0,6.6,28.4,25.8,17,11.9,5,14.4,4,7.1,4.3
Chad,Sub-Saharan Africa,2011,19.9,3.1,1.4,0,7.2,29.6,26.8,16.1,12.6,5.6,14.7,3.9,7.1,4.3
Chad,Sub-Saharan Africa,2010,20.1,3.3,1.4,0.5,6.9,34.5,25.9,16.2,12.5,5.8,14.5,3.7,6.9,4.2
Chad,Sub-Saharan Africa,2009,20,3.6,1.5,0,7.2,39.4,25.7,16.1,12.6,5.5,14,3.5,6.5,3.9
Chad,Sub-Saharan Africa,2008,20.5,3.9,1.5,0.5,7.4,42.1,25.9,15.8,12.9,5.1,14,3.3,6.4,3.9
Chad,Sub-Saharan Africa,2007,20.8,4.2,1.4,0.3,8,43,26.4,16,12.6,5.5,13.9,3.4,6.3,3.8
Chad,Sub-Saharan Africa,2006,21.2,4.4,1.4,1.5,8,43.9,26.2,16.1,12.3,5.8,13.9,3.5,6.2,3.8
Chad,Sub-Saharan Africa,2005,21.9,4.6,1.5,5.3,8.1,44.5,26.2,15.8,12.6,5.5,14,3.3,6.2,3.7
Chad,Sub-Saharan Africa,2004,22.6,4.7,1.5,7.5,8.1,44.5,26.2,15.9,12.5,5.5,14,3.2,6.2,3.7
Chad,Sub-Saharan Africa,2003,23.4,4.8,1.5,7.2,8.2,44.2,26.4,15.4,12.8,5.4,14.2,3.3,6.2,3.7
Chad,Sub-Saharan Africa,2002,23.9,4.8,1.4,9.6,8.3,44,26.3,15.9,12.7,4.8,14.2,3.3,6.2,3.7
Chad,Sub-Saharan Africa,2001,24.5,4.8,1.4,11.1,8.3,43.5,26.3,16.3,12.6,4.3,14.1,3.3,6.1,3.7
Chad,Sub-Saharan Africa,2000,24.9,4.7,1.4,9.9,8.3,42.8,26.2,15.1,13.3,4.3,14.2,3.4,6.1,3.7
Comoros,Sub-Saharan Africa,2013,6.8,0.8,1,0,1.5,11.5,11.8,11.4,9.5,6,6.4,3.7,4.1,2.3
Comoros,Sub-Saharan Africa,2012,7.3,0.8,1,0,1.6,11.8,12.1,11.6,9.8,6.2,6.6,3.8,4.2,2.4
Comoros,Sub-Saharan Africa,2011,7.9,0.2,1,0,1.7,12.5,12.7,11.9,9.9,6.3,6.9,3.9,4.3,2.4
Comoros,Sub-Saharan Africa,2010,8.4,0,1.1,0,1.9,13.1,13.3,12.4,10.1,6.3,7.1,3.6,4.4,2.5
Comoros,Sub-Saharan Africa,2009,8.7,0,1,0,2.5,13.2,14.4,12.6,10.2,6.5,7.1,3.7,4.4,2.5
Comoros,Sub-Saharan Africa,2008,9,0,1,0,3.1,13.3,15.5,12.9,10.3,6.6,7.1,3.6,4.3,2.5
Comoros,Sub-Saharan Africa,2007,9.5,0,1,0,3.2,13.8,16,12.8,10.6,6.8,7.3,3.4,4.4,2.5
Comoros,Sub-Saharan Africa,2006,10,0,1,0,3.3,14.4,16.2,13.4,10.3,7,7.4,3.4,4.4,2.5
Comoros,Sub-Saharan Africa,2005,10.4,0,1.1,0,3.3,15.1,16.3,13.3,10.7,7.1,7.5,3.4,4.4,2.5
Comoros,Sub-Saharan Africa,2004,10.9,0,1,0,3.4,15.4,16.5,13.1,10.9,7.2,7.6,3.5,4.4,2.6
Comoros,Sub-Saharan Africa,2003,11.3,0,1,0,3.5,15.3,16.7,13.1,11.1,7.3,7.7,3.4,4.4,2.6
Comoros,Sub-Saharan Africa,2002,11.6,0,0.9,0,3.5,15.2,16.5,13.6,10.6,7.3,7.7,3.5,4.4,2.6
Comoros,Sub-Saharan Africa,2001,11.9,0,1,0,3.5,14.7,16.4,15,10,6.8,7.6,3.4,4.4,2.6
Comoros,Sub-Saharan Africa,2000,12.1,0,1.1,0,3.5,14.6,16.2,15.8,9.7,6.2,7.5,3.3,4.4,2.6
Congo,Sub-Saharan Africa,2013,2.5,2.7,1.1,0,0.5,10.5,5.4,7.5,5.3,3.2,2.2,3.8,2.1,1.1
Congo,Sub-Saharan Africa,2012,2.8,2.7,1.1,0.4,0.6,11.2,5.7,7.9,5.6,3.4,2.4,3.9,2.2,1.2
Congo,Sub-Saharan Africa,2011,3.2,2.9,1.1,0.3,0.7,12.3,6.1,8.3,5.9,3.6,2.8,4,2.4,1.1
Congo,Sub-Saharan Africa,2010,3.6,3.2,1.1,0.6,0.7,13.2,6.5,8.8,6.3,3.9,3.1,4,2.5,1.2
Congo,Sub-Saharan Africa,2009,4.2,3.4,1.1,0.5,0.9,14.5,7.2,9.3,7,4.1,3.4,3.8,2.6,1.3
Congo,Sub-Saharan Africa,2008,4.7,3.8,1.1,0.2,1.5,15.4,8.7,9.9,7.4,4.5,3.7,3.9,2.7,1.3
Congo,Sub-Saharan Africa,2007,5.5,4.4,1.2,1.6,1.7,17,9.7,10.6,8.1,4.7,4.1,3.7,2.9,1.4
Congo,Sub-Saharan Africa,2006,6.5,4.8,1.2,1.3,2,18.8,10.6,11.2,8.8,5,4.6,3.7,3.1,1.6
Congo,Sub-Saharan Africa,2005,7.5,5.2,1.3,0.7,2.3,20.9,11.6,12.1,9.4,4.9,5.1,3.5,3.3,1.7
Congo,Sub-Saharan Africa,2004,8.6,5.6,1.3,9.5,2.6,22.9,12.4,13,9.5,5.4,5.4,3.8,3.4,1.8
Congo,Sub-Saharan Africa,2003,9.7,6,1.4,9.6,2.9,24.7,13.5,13,10.7,5.2,5.9,3.6,3.6,1.9
Congo,Sub-Saharan Africa,2002,10.7,6.3,1.4,8.2,3.2,25.9,14.1,13.9,10.9,4.9,6.2,3.4,3.7,2
Congo,Sub-Saharan Africa,2001,11.4,6.5,1.5,6.9,3.3,26.5,14.4,14.5,10.9,4.9,6.3,3.4,3.7,2
Congo,Sub-Saharan Africa,2000,11.8,6.8,1.4,5.9,3.4,26.7,14.5,14.5,11.1,4.9,6.3,3.4,3.7,2
Democratic Republic of the Congo,Sub-Saharan Africa,2013,12.3,1.6,1.1,5.6,3.3,17.4,18.1,14.8,12,6.2,10.4,3.9,5.8,3.2
Democratic Republic of the Congo,Sub-Saharan Africa,2012,13.3,1.6,1.1,5.6,3.5,18,18.7,15.4,12.1,6.1,10.8,4,5.9,3.3
Democratic Republic of the Congo,Sub-Saharan Africa,2011,14,1.8,1.1,12,3.6,18.9,19.1,15.3,12.7,6,11.1,4,6,3.4
Democratic Republic of the Congo,Sub-Saharan Africa,2010,14.5,1.9,1.2,1.9,4.1,19.6,19.6,16.2,12,6.6,11,4,5.9,3.3
Democratic Republic of the Congo,Sub-Saharan Africa,2009,15.6,1.9,1.1,2,3.9,20.3,19.9,15.5,12.7,7.1,11.6,4,6,3.5
Democratic Republic of the Congo,Sub-Saharan Africa,2008,15.2,2,1.2,2.4,5.7,22.2,21.8,16.1,12.7,6.7,10.9,3.6,5.6,3.2
Democratic Republic of the Congo,Sub-Saharan Africa,2007,15.2,2.1,1.2,4.6,5.7,26.6,21.2,16.4,12.6,6.6,10.7,3.6,5.4,3.1
Democratic Republic of the Congo,Sub-Saharan Africa,2006,16,2.3,1.2,7,5.9,28.6,21.5,16.9,12.8,6.4,10.9,3.4,5.4,3.1
Democratic Republic of the Congo,Sub-Saharan Africa,2005,17,2.3,1.3,16.4,6.1,29.8,22,17.1,12.9,6.5,11.2,3.4,5.4,3.1
Democratic Republic of the Congo,Sub-Saharan Africa,2004,18.2,2.4,1.3,23.6,6.5,31.1,22.7,17.3,13.1,6.5,11.6,3.4,5.5,3.2
Democratic Republic of the Congo,Sub-Saharan Africa,2003,19.6,2.5,1.4,15.7,6.8,32.3,23.4,17.7,13.2,6.3,11.9,3.3,5.6,3.3
Democratic Republic of the Congo,Sub-Saharan Africa,2002,20.8,2.5,1.4,23.5,7.1,33.1,24,17.8,13.5,5.9,12.2,3.2,5.7,3.3
Democratic Republic of the Congo,Sub-Saharan Africa,2001,21.5,2.5,1.4,17.9,7.2,33.4,24,19.1,13,4.8,12.2,3.1,5.7,3.3
Democratic Republic of the Congo,Sub-Saharan Africa,2000,21.7,2.4,1.4,18.8,7.1,32.9,23.6,19.3,12.6,5.2,12,3.2,5.6,3.3
Equatorial Guinea,Sub-Saharan Africa,2013,7.7,7,1.4,0,3,14.3,14.6,13.7,10.6,5.5,5.4,3.6,4.1,3.2
Equatorial Guinea,Sub-Saharan Africa,2012,8.3,7,1.4,4.2,3.2,14.9,15.2,13.6,11,5.7,5.6,3.6,4.2,3.3
Equatorial Guinea,Sub-Saharan Africa,2011,8.3,7.1,1.4,1.7,3.1,17.4,14.8,13.5,11.4,5.8,5.6,3.7,4.1,3.1
Equatorial Guinea,Sub-Saharan Africa,2010,8.3,7.2,1.4,0.6,3.1,20,14.5,13.3,11.8,5.9,5.5,3.6,3.9,2.8
Equatorial Guinea,Sub-Saharan Africa,2009,9.4,7.2,1.4,4,3.4,18.1,15.7,13.7,12,6,6.2,3.7,4.2,3
Equatorial Guinea,Sub-Saharan Africa,2008,10.7,6.7,1.4,4.2,3.8,16.9,16.9,14.5,12.1,5.9,6.8,3.8,4.5,3.1
Equatorial Guinea,Sub-Saharan Africa,2007,10.4,6.7,1.4,2.8,3.6,22.2,16,15,11.9,5.8,6.6,3.6,4.2,2.8
Equatorial Guinea,Sub-Saharan Africa,2006,10.4,6.5,1.4,2.1,3.6,26.5,15.5,15.3,11.9,5.7,6.8,3.4,4,2.2
Equatorial Guinea,Sub-Saharan Africa,2005,11,6.4,1.3,6.7,3.7,27.9,15.9,15.6,12,5.8,7,3.4,4,2.3
Equatorial Guinea,Sub-Saharan Africa,2004,11.9,6.1,1.3,4.1,3.9,29.3,16.5,15.4,12.4,6.2,7.3,3.4,4.1,2.4
Equatorial Guinea,Sub-Saharan Africa,2003,12.8,5.6,1.4,4.3,4.2,30.5,17.1,16,12.4,6.1,7.6,3.4,4.3,2.4
Equatorial Guinea,Sub-Saharan Africa,2002,13.9,5,1.3,4.8,4.4,31.9,17.8,17.3,12,5.4,8,3.3,4.4,2.6
Equatorial Guinea,Sub-Saharan Africa,2001,14.9,4.5,1.2,4.4,4.7,33.1,18.4,17.4,12.1,5.6,8.4,3.3,4.5,2.7
Equatorial Guinea,Sub-Saharan Africa,2000,16.1,4,1.2,6.8,4.9,34.3,19.1,16.9,12.5,6.3,8.8,3.4,4.6,2.8
Eritrea,Sub-Saharan Africa,2013,5.1,0.3,1.1,1.3,1.1,0.2,9.7,4.8,6.1,3.7,5.4,4.1,4.4,2
Eritrea,Sub-Saharan Africa,2012,5.4,0.3,1.1,3.1,1.1,0.2,10,5,6.4,3.8,5.6,4.2,4.5,2.1
Eritrea,Sub-Saharan Africa,2011,5.9,0.4,1.1,1,1.2,0.3,10.4,5.2,6.6,3.9,6,4.2,4.6,2.2
Eritrea,Sub-Saharan Africa,2010,6.5,0.4,1.1,0.9,1.2,0.4,10.9,5.4,6.8,3.9,6.3,4.2,4.8,2.3
Eritrea,Sub-Saharan Africa,2009,7.1,0.5,1.1,1.4,1.3,0.1,11.4,5.8,7,4,6.6,4.2,5,2.4
Eritrea,Sub-Saharan Africa,2008,7.6,0.6,1.1,0.6,1.4,0,11.8,6,7.1,4.2,6.9,4.2,5.1,2.4
Eritrea,Sub-Saharan Africa,2007,7.4,0.8,1.1,1.1,2.3,0.1,14,6.2,7.3,4.3,6.3,4,4.6,2.3
Eritrea,Sub-Saharan Africa,2006,7.9,0.9,1.1,2.2,2.4,0.1,14.4,6.3,7.5,4.5,6.6,3.9,4.7,2.3
Eritrea,Sub-Saharan Africa,2005,8.4,1.1,1.1,0.6,2.5,0.1,14.7,6.6,7.8,4.6,6.7,3.9,4.7,2.3
Eritrea,Sub-Saharan Africa,2004,9.1,1.3,1.1,0.5,2.7,0.1,15.1,6.8,8.1,4.8,7,3.8,4.8,2.4
Eritrea,Sub-Saharan Africa,2003,9.7,1.5,1.1,3.2,2.9,0.3,15.5,7.1,8.3,4.9,7.2,3.7,4.8,2.5
Eritrea,Sub-Saharan Africa,2002,10.5,1.7,1.1,4,3,0.2,16,7.4,8.6,5,7.5,3.5,4.9,2.5
Eritrea,Sub-Saharan Africa,2001,11.1,1.8,1.2,6.1,3.2,1.4,16.1,7.8,8.8,5.1,7.5,3.3,4.8,2.5
Eritrea,Sub-Saharan Africa,2000,12.1,1.9,1.3,23.9,3.4,0.4,16.8,8.2,9,5.1,7.8,3.2,5,2.7
Ethiopia,Sub-Saharan Africa,2013,6,1.5,1.2,1.5,1.5,1.9,11.3,8,9.7,5,6.2,3.5,4.2,1.8
Ethiopia,Sub-Saharan Africa,2012,6.7,1.5,1.2,1.3,1.6,2,12,8.6,9.8,5.1,6.5,3.5,4.4,1.9
Ethiopia,Sub-Saharan Africa,2011,7.3,2,1.2,0.6,1.8,2.1,12.7,8.2,10.3,5.9,6.9,3.6,4.5,2
Ethiopia,Sub-Saharan Africa,2010,8,2.5,1.2,2.5,2,2.4,13.5,8.5,10.8,6,7.3,3.5,4.6,2.1
Ethiopia,Sub-Saharan Africa,2009,9.1,2.9,1.3,4.7,2.3,2.2,14.7,8.9,11.3,6.2,7.9,3.4,4.9,2.3
Ethiopia,Sub-Saharan Africa,2008,10.4,3.4,1.3,3.1,2.7,2.4,16,9.5,11.8,6.3,8.5,3.3,5.1,2.5
Ethiopia,Sub-Saharan Africa,2007,11.6,4,1.3,1.3,3.1,3.5,17.2,10,12.3,6.5,9.1,3.2,5.3,2.6
Ethiopia,Sub-Saharan Africa,2006,12.5,4.5,1.4,6.6,4.1,4.7,19.4,10.5,12.8,6.7,9.3,3,5.3,2.6
Ethiopia,Sub-Saharan Africa,2005,14.2,4.9,1.4,4.8,4.6,5.7,20.8,11,13.2,6.8,10,3,5.5,2.8
Ethiopia,Sub-Saharan Africa,2004,16,5.2,1.4,6.2,5.2,6.2,22.4,11.6,13.7,6.8,10.9,2.9,5.8,3.1
Ethiopia,Sub-Saharan Africa,2003,17.9,5.4,1.5,7,5.8,6.6,23.7,12.3,13.9,6.6,11.6,2.9,6.1,3.2
Ethiopia,Sub-Saharan Africa,2002,19.8,5.4,1.4,6,6.3,7,25,12.9,14.2,6.6,12.4,3,6.3,3.4
Ethiopia,Sub-Saharan Africa,2001,21.5,5.4,1.4,2.5,6.8,7.3,25.9,13.6,14.2,6.3,13,3,6.5,3.6
Ethiopia,Sub-Saharan Africa,2000,22.9,5.2,1.4,7.1,7.2,7.5,26.5,14.1,14.3,6,13.4,3,6.6,3.7
Gabon,Sub-Saharan Africa,2013,3.5,1.2,1.1,0.3,0.7,10.2,6.7,8.9,6.7,4,2.9,4.7,2.6,1.4
Gabon,Sub-Saharan Africa,2012,3.7,1.2,1.1,0.7,0.7,10.6,6.8,9.6,6.6,4,3,4.8,2.6,1.5
Gabon,Sub-Saharan Africa,2011,3.9,2.1,1.1,0.7,0.8,11.1,7,9.9,6.9,4.1,3.1,4.7,2.6,1.5
Gabon,Sub-Saharan Africa,2010,4.4,2.8,1.2,0.6,0.9,10.6,7.6,10.4,7,4.2,3.4,4.6,2.8,1.5
Gabon,Sub-Saharan Africa,2009,4.8,3.4,1.1,0.6,1.5,8.7,9.2,10.5,7.4,4.3,3.6,4.7,2.9,1.6
Gabon,Sub-Saharan Africa,2008,5.2,4.2,1.1,0.3,1.6,8.4,9.6,10.8,7.6,4.4,3.8,4.8,3,1.7
Gabon,Sub-Saharan Africa,2007,5.4,5.1,1.1,0.8,1.6,9.9,9.5,11.3,7.7,4.4,3.9,4.5,2.9,1.6
Gabon,Sub-Saharan Africa,2006,5.4,5.8,1.3,0.7,1.6,11.9,9.2,12.3,7.4,4.3,3.8,4.1,2.8,1.2
Gabon,Sub-Saharan Africa,2005,5.4,6.1,1.3,0.2,1.5,13.7,8.9,12.8,7.4,4.2,3.7,4,2.6,1.2
Gabon,Sub-Saharan Africa,2004,5.6,6.4,1.3,2.3,1.6,14.5,9,12.9,7.6,4.3,3.7,3.9,2.6,1.2
Gabon,Sub-Saharan Africa,2003,5.9,6.5,1.3,4.8,1.6,15.1,9.1,13.4,7.6,4.2,3.8,3.9,2.6,1.2
Gabon,Sub-Saharan Africa,2002,6.2,6.4,1.3,3.1,1.7,15.5,9.3,13,8,4.6,3.9,3.9,2.7,1.2
Gabon,Sub-Saharan Africa,2001,6.5,6.1,1.3,6.1,1.7,15.7,9.4,14.4,7.7,4,3.9,3.8,2.7,1.2
Gabon,Sub-Saharan Africa,2000,6.9,5.7,1.3,2.8,1.8,16.1,9.6,14.8,7.7,3.9,4,3.8,2.7,1.3
Gambia,Sub-Saharan Africa,2013,5.3,0.5,1,0.3,1.1,14.5,9.1,9.4,9.3,5.4,5,4.9,3.4,2
Gambia,Sub-Saharan Africa,2012,5.7,0.5,1,0.2,1.2,15.2,9.5,9.2,9.7,5.7,5.3,5,3.5,2.1
Gambia,Sub-Saharan Africa,2011,6.1,0.9,1,0.6,1.3,15.7,9.9,9.4,10.2,5.7,5.8,4.8,3.6,1.8
Gambia,Sub-Saharan Africa,2010,6.6,1.3,0.9,0.5,1.3,16.1,10.2,9.6,10.4,5.8,6,4.9,3.7,1.9
Gambia,Sub-Saharan Africa,2009,7,1.7,0.9,0.4,1.4,16.9,10.4,9.9,10.5,6,6.2,5,3.7,1.9
Gambia,Sub-Saharan Africa,2008,7.3,1.9,0.9,0.2,1.4,18.8,10.5,10.2,10.7,6.2,6.2,4.8,3.7,1.9
Gambia,Sub-Saharan Africa,2007,7.7,2.1,0.9,0.6,1.5,20.5,10.7,10.5,10.8,6.3,6.3,4.6,3.7,1.9
Gambia,Sub-Saharan Africa,2006,8.7,2.1,1,0.4,1.7,19.6,11.6,10.6,11.2,6.5,6.9,4.8,4,2.1
Gambia,Sub-Saharan Africa,2005,9.4,2,0.9,0.3,1.8,20.5,11.9,11.2,11.2,6.6,7.1,4.8,4,2.2
Gambia,Sub-Saharan Africa,2004,9.6,1.8,1,0,1.8,23.7,11.8,11.3,11.4,6.9,7,4.7,3.9,2.1
Gambia,Sub-Saharan Africa,2003,10.4,1.7,1,1.7,2,24.6,12.4,11.5,11.7,7,7.3,4.7,4,2.2
Gambia,Sub-Saharan Africa,2002,11.3,1.5,1,1.5,2.1,25.3,13,11.8,11.9,7.1,7.6,4.7,4.2,2.3
Gambia,Sub-Saharan Africa,2001,12.3,1.3,1,2.5,2.3,25.7,13.6,12.3,12.1,7.2,8,4.7,4.3,2.4
Gambia,Sub-Saharan Africa,2000,13.3,1.1,1,5,2.4,26.2,14,12.7,12.3,7.4,8.3,4.7,4.4,2.4
Ghana,Sub-Saharan Africa,2013,6,0.6,1,0.7,1.4,15.7,10.3,10.6,9.7,5.7,5.6,5,3.7,1.8
Ghana,Sub-Saharan Africa,2012,6.4,0.6,1,0.5,1.4,16.1,10.5,10.7,9.8,5.8,5.7,5,3.7,1.9
Ghana,Sub-Saharan Africa,2011,6.7,1,1,0.2,1.5,16.2,10.6,10.8,10,5.9,5.8,5.1,3.8,1.9
Ghana,Sub-Saharan Africa,2010,7.1,1.6,1,0.6,1.5,15.9,10.8,10.8,10.2,6,6,5.2,3.8,1.9
Ghana,Sub-Saharan Africa,2009,7.3,1.8,1,0.5,1.5,16.1,10.9,10.6,10.4,6.1,6,5.1,3.8,1.9
Ghana,Sub-Saharan Africa,2008,7.3,2,1,0.4,1.5,17.3,10.7,10.4,10.6,6.2,5.8,4.7,3.7,1.9
Ghana,Sub-Saharan Africa,2007,7.1,2.4,1,0.3,1.4,18.6,10.3,9.9,10.9,6.2,5.6,4.8,3.5,1.8
Ghana,Sub-Saharan Africa,2006,6.9,2.8,1.1,0.7,1.4,19.9,10.1,9.5,11.2,6.2,5.3,4.4,3.4,1.6
Ghana,Sub-Saharan Africa,2005,6.9,2.9,1.1,0.6,1.4,20.8,9.8,9.8,11,6.3,5.1,4.2,3.2,1.6
Ghana,Sub-Saharan Africa,2004,7.1,3.1,1.1,0.3,1.4,21.4,9.8,10.4,10.9,6.1,5,3.9,3.2,1.6
Ghana,Sub-Saharan Africa,2003,7.4,3.2,1.1,0.1,1.5,21.6,9.9,11,10.7,6.2,5,3.8,3.2,1.6
Ghana,Sub-Saharan Africa,2002,7.8,3.3,1.1,5.6,1.5,22.1,10.1,11.3,10.9,6.2,5.1,3.7,3.2,1.6
Ghana,Sub-Saharan Africa,2001,7.9,3.4,1.1,6.9,2.2,21.5,11.5,11.3,11.1,6.3,5,3.7,3.1,1.5
Ghana,Sub-Saharan Africa,2000,8.2,3.3,1.1,10.8,2.3,21.7,11.6,11.3,11.4,6.5,5,3.9,3.1,1.5
Guinea,Sub-Saharan Africa,2013,8,1.6,1.2,0.8,2.3,27.4,13.3,10,12.4,5.7,7,3.3,4,2
Guinea,Sub-Saharan Africa,2012,8.6,1.6,1.2,1.7,2.4,28.4,13.8,10.2,12.7,5.9,7.3,3.3,4.1,2.1
Guinea,Sub-Saharan Africa,2011,9.2,1.8,1.2,1.2,2.6,29.5,14.1,10.9,12.3,6.3,7.4,3.4,4.2,2.2
Guinea,Sub-Saharan Africa,2010,9.8,2,1.2,0.4,2.7,30.6,14.5,10.9,12.3,7,7.7,3.5,4.3,2.3
Guinea,Sub-Saharan Africa,2009,10.6,1.9,1.2,2.2,3,31.8,15.3,11,12.6,7.2,8.1,3.5,4.4,2.3
Guinea,Sub-Saharan Africa,2008,11.1,1.9,1.2,1.3,4,32.2,17.3,11.1,13,7.2,8.1,3.4,4.3,2.3
Guinea,Sub-Saharan Africa,2007,11.9,2,1.2,0.4,4.2,34,17.8,11.3,13.4,7.3,8.5,3.5,4.4,2.4
Guinea,Sub-Saharan Africa,2006,12.8,2.1,1.2,1.9,4.5,36.1,18.4,11.4,13.8,7.3,8.7,3.4,4.5,2.5
Guinea,Sub-Saharan Africa,2005,13.7,2,1.2,1.2,4.7,37.9,18.9,11.6,14.1,7.3,9,3.4,4.6,2.5
Guinea,Sub-Saharan Africa,2004,15,1.9,1.2,0.2,5.1,39,19.7,13,13.7,7.3,9.4,3.4,4.7,2.7
Guinea,Sub-Saharan Africa,2003,16.6,1.8,1.3,8.2,5.5,40.2,20.6,14.6,13.2,7.4,9.8,3.5,4.9,2.8
Guinea,Sub-Saharan Africa,2002,18,1.7,1.3,10.5,5.9,42.4,21.5,14.8,13.5,7.3,10.2,3.5,5.1,2.9
Guinea,Sub-Saharan Africa,2001,19.3,1.6,1.3,23.9,6.3,44.3,22.3,14.6,14,7.5,10.6,3.7,5.2,3
Guinea,Sub-Saharan Africa,2000,21.1,1.5,1.3,28.2,6.8,47.1,23.4,14.5,14.5,7.6,11.2,3.8,5.4,3.2
Guinea-Bissau,Sub-Saharan Africa,2013,11.7,4.5,1,0.5,3.3,22.1,17.6,13.7,15.4,8.4,8.9,4.8,5.1,3.7
Guinea-Bissau,Sub-Saharan Africa,2012,12.6,4.5,1,1.3,3.5,22.9,18.3,14,15.7,8.5,9.3,4.9,5.3,3.9
Guinea-Bissau,Sub-Saharan Africa,2011,13.1,4.9,1,1,3.5,24.9,18.4,14.2,15.8,8.6,9.3,4.9,5.2,3.8
Guinea-Bissau,Sub-Saharan Africa,2010,14.4,5.1,1,0.6,3.8,23.8,19.3,14.6,16,8.7,9.9,5,5.5,4
Guinea-Bissau,Sub-Saharan Africa,2009,15.7,5.2,1,1.1,4.1,23.4,20.3,14.4,16.1,9.5,10.5,5.2,5.7,4.1
Guinea-Bissau,Sub-Saharan Africa,2008,15.1,5.2,1.1,0.7,5.7,25.4,22.2,15,15.7,9.7,10.4,5,5.2,3.2
Guinea-Bissau,Sub-Saharan Africa,2007,15.7,5,1.1,0.1,5.8,28.1,22.2,15.8,15.2,9.8,10.3,5,5.2,3.1
Guinea-Bissau,Sub-Saharan Africa,2006,16.7,5,1.1,2.1,6.1,28.6,22.6,18.2,14.2,8.9,10.5,4.9,5.3,3.2
Guinea-Bissau,Sub-Saharan Africa,2005,16.7,4.8,1.1,4.1,5.9,32.8,22,18.5,14.2,8.6,10.2,4.8,5,3.1
Guinea-Bissau,Sub-Saharan Africa,2004,16.8,4.5,1.1,19.1,5.9,38.1,21.5,18.7,14.3,8.6,9.9,4.7,4.9,3
Guinea-Bissau,Sub-Saharan Africa,2003,18.1,4.2,1.1,22.4,6.2,39.3,22.3,19,14.5,8.4,10.3,4.8,5,3.1
Guinea-Bissau,Sub-Saharan Africa,2002,19.4,3.8,1.2,5.8,6.5,40.6,23.1,19.1,14.7,8.3,10.6,4.9,5.1,3.2
Guinea-Bissau,Sub-Saharan Africa,2001,20.7,3.3,1.2,4.7,6.9,41.7,23.8,19.4,14.9,8.1,10.9,5,5.2,3.3
Guinea-Bissau,Sub-Saharan Africa,2000,22.1,2.8,1.2,14.6,7.2,42.7,24.4,20.3,14.5,7.3,11.2,5,5.3,3.3
Kenya,Sub-Saharan Africa,2013,7,3.1,1.1,0.2,1.6,3.1,12.3,8.9,9.8,4.5,6.8,4.4,4.7,2.5
Kenya,Sub-Saharan Africa,2012,7.5,3.1,1.1,0.2,1.7,3.2,12.8,9,9.9,4.7,7.1,4.5,4.9,2.6
Kenya,Sub-Saharan Africa,2011,8.1,3.4,1.1,0.2,1.7,3.5,13.1,9.1,10,5,7.4,4.5,5,2.7
Kenya,Sub-Saharan Africa,2010,8.8,4.5,1.1,0.1,1.9,3.6,13.6,9.1,10.1,5.4,7.6,4.5,5,2.7
Kenya,Sub-Saharan Africa,2009,9.4,5.6,1.1,0.3,2,3.7,14,9.1,10.6,5.5,7.9,4.5,5.1,2.8
Kenya,Sub-Saharan Africa,2008,10.1,6.5,1.1,0.3,2,3.9,14.4,9.2,10.8,5.6,8.1,4.5,5.2,2.9
Kenya,Sub-Saharan Africa,2007,10.8,8.1,1.1,0.4,2.2,3.9,14.9,9.7,11,5.5,8.4,4.1,5.2,2.9
Kenya,Sub-Saharan Africa,2006,11.4,9.4,1.1,0.4,2.3,4.3,15.2,9.9,11.1,5.6,8.5,4,5.3,3
Kenya,Sub-Saharan Africa,2005,11.9,10.7,1.1,0.3,2.5,5.4,15.4,10,11.3,5.5,8.5,3.7,5.2,2.9
Kenya,Sub-Saharan Africa,2004,12.4,11.7,1.1,0.1,2.6,6,15.6,10.3,11.3,5.6,8.5,3.7,5.1,2.9
Kenya,Sub-Saharan Africa,2003,13.1,12.4,1.1,0,2.7,6.1,15.9,10.4,11.4,5.7,8.7,3.7,5.2,3
Kenya,Sub-Saharan Africa,2002,14,13,1.1,0.6,2.6,6.2,16,10.6,11.5,5.9,9,3.8,5.3,3.1
Kenya,Sub-Saharan Africa,2001,13.5,13.6,1.1,1.1,4.1,5.8,18.2,11,11.2,5.9,8.3,3.7,4.9,2.9
Kenya,Sub-Saharan Africa,2000,14.2,14,1.1,1.4,4.2,5.9,18.5,11.2,11.3,5.9,8.5,3.7,5,2.9
Lesotho,Sub-Saharan Africa,2013,7.3,19,1,0.4,1.6,0,12.1,14.7,14.5,7.5,6.9,4.4,4,2.5
Lesotho,Sub-Saharan Africa,2012,7.7,19,1,0.8,1.6,0,12.4,14.8,14.7,7.6,7,4.5,4.1,2.6
Lesotho,Sub-Saharan Africa,2011,8.3,20.3,1,1,1.7,0,12.8,14.7,14.7,7.6,7.2,4.5,4.1,2.6
Lesotho,Sub-Saharan Africa,2010,8.8,25.8,1,1.4,1.8,0,13.1,14.8,14.6,7.7,7.3,4.3,4.1,2.7
Lesotho,Sub-Saharan Africa,2009,9.1,30.5,1,0.2,1.9,0,13.1,15,14.7,7.8,7.2,4.2,4,2.6
Lesotho,Sub-Saharan Africa,2008,8.2,36,1,0.1,3,0,14.2,15.1,14.6,8,6.4,4,3.4,2.2
Lesotho,Sub-Saharan Africa,2007,8.9,40.7,1,0.3,3.2,0,14.6,14.3,13.8,7.5,6.5,3.7,3.5,2.4
Lesotho,Sub-Saharan Africa,2006,8.9,46.4,1,0.3,3.2,0,14.3,14.1,13.6,7.4,6.3,3.6,3.4,2.3
Lesotho,Sub-Saharan Africa,2005,9,48.9,1,0.3,3.1,0,14.1,13.9,13.4,7.3,6.2,3.6,3.3,2.2
Lesotho,Sub-Saharan Africa,2004,9,49.1,1,0.2,3,0,13.8,13.7,13.3,7.3,6,3.5,3.3,2.1
Lesotho,Sub-Saharan Africa,2003,9,47.8,1,0.3,3,0,13.6,13.7,13.1,7.2,5.9,3.4,3.2,2.1
Lesotho,Sub-Saharan Africa,2002,9.1,45.4,1,0.1,2.9,0,13.5,13.7,13.1,7,5.9,3.2,3.2,2
Lesotho,Sub-Saharan Africa,2001,9.2,42.4,1,0.1,2.8,0,13.4,13.8,13.1,6.8,6.1,3.1,3.2,1.7
Lesotho,Sub-Saharan Africa,2000,9.3,38.8,1,0.7,2.8,0,13.2,13.9,12.9,6.9,6.1,3.2,3.2,1.7
Liberia,Sub-Saharan Africa,2013,5.7,0.5,1.1,0,1.2,15.3,10,7.6,9.1,5.1,5.4,3.8,3.7,1.8
Liberia,Sub-Saharan Africa,2012,6.2,0.5,1.1,0.7,1.2,16.1,10.5,7.8,9.5,5.3,5.7,3.9,3.8,1.9
Liberia,Sub-Saharan Africa,2011,6.7,0.8,1.2,5.4,1.5,17.2,11.1,8.3,9.6,5.4,5.9,3.7,3.8,1.9
Liberia,Sub-Saharan Africa,2010,7.2,1.1,1.2,20.3,1.9,17.8,12.3,8.5,10.3,5.3,6.1,3.4,3.9,2
Liberia,Sub-Saharan Africa,2009,7.9,1.4,1.1,0.6,1.9,19.3,12.4,8.9,10.2,5.8,6.5,3.8,4,2.1
Liberia,Sub-Saharan Africa,2008,8.5,1.7,1.2,0.3,2,22.3,12.7,9.4,10.6,6,6.6,3.6,4,2.1
Liberia,Sub-Saharan Africa,2007,8.7,2,1.2,1.4,2.9,24.9,14.2,9.8,11.1,6,6.5,3.3,3.8,2
Liberia,Sub-Saharan Africa,2006,9.8,2.2,1.3,0.9,3.2,27.6,14.9,11.4,11.1,5.9,7,3.1,3.9,2.1
Liberia,Sub-Saharan Africa,2005,11,2.3,1.2,0,3.6,30.6,15.8,12.8,11.3,5.6,7.4,3,4.1,2.2
Liberia,Sub-Saharan Africa,2004,12.7,2.3,1.4,3.6,4.1,33.7,17.1,13.8,11.9,5.4,8,2.8,4.3,2.3
Liberia,Sub-Saharan Africa,2003,14.4,2.3,1.3,3.5,4.7,36.5,18.4,14.7,12.2,5.6,8.6,3,4.5,2.5
Liberia,Sub-Saharan Africa,2002,16.4,2.1,1.3,5.5,5.3,39.2,19.8,14.9,12.8,6.2,9.2,3.2,4.7,2.7
Liberia,Sub-Saharan Africa,2001,18.5,2,1.3,14.8,6,41.9,21.2,15.8,12.9,6.3,9.8,3.4,4.9,2.9
Liberia,Sub-Saharan Africa,2000,20.9,1.9,1.4,33.6,6.8,45,22.7,17,12.8,6.1,10.5,3.7,5.1,3.1
Madagascar,Sub-Saharan Africa,2013,5.2,0.6,1.1,0,1.2,4.1,10.1,6.9,7.1,3.9,5.3,3.3,4,2
Madagascar,Sub-Saharan Africa,2012,5.6,0.6,1.1,0.5,1.3,4.1,10.7,7.2,7.3,4,5.5,3.2,4.1,2.1
Madagascar,Sub-Saharan Africa,2011,6.6,0.6,1.2,0.2,1.4,2.1,11.7,7.5,7.5,4.2,6.2,3.3,4.5,2.3
Madagascar,Sub-Saharan Africa,2010,7.2,0.7,1.3,0.6,1.6,1.6,12.4,7.8,7.8,4.2,6.5,3.3,4.7,2.4
Madagascar,Sub-Saharan Africa,2009,7.9,0.7,1.3,0.5,1.6,1.4,12.9,8,8.1,4.4,6.8,3.3,4.9,2.5
Madagascar,Sub-Saharan Africa,2008,8.6,0.7,1.3,0.2,2.1,0.8,14.2,8.5,8.2,4.7,7.1,3.3,5,2.6
Madagascar,Sub-Saharan Africa,2007,8.8,0.8,1.3,0.4,2.8,1.6,15.7,9.1,8.1,4.9,7.1,3.4,4.8,2.6
Madagascar,Sub-Saharan Africa,2006,8.3,0.8,1.1,0.3,2.6,9,14.2,9.4,8.2,5.1,6.5,3.1,4.3,2.3
Madagascar,Sub-Saharan Africa,2005,8.2,0.8,1,0,2.5,14.9,13.5,10,8.4,5.1,6.2,2.9,3.9,2.1
Madagascar,Sub-Saharan Africa,2004,11,0.8,1.4,6.8,3.4,7.6,16.9,11,8.8,5.1,7.7,3,4.9,2.7
Madagascar,Sub-Saharan Africa,2003,11.7,0.8,1.4,15,3.5,10.3,17.2,11.4,9.3,5,7.9,2.8,4.9,2.7
Madagascar,Sub-Saharan Africa,2002,14,0.8,1.5,4,4.2,6.7,19.4,11.9,9.8,5.1,8.9,2.8,5.4,3.1
Madagascar,Sub-Saharan Africa,2001,15.4,0.8,1.5,4.3,4.6,6.8,20.4,12.3,10.2,5.2,9.5,2.8,5.6,3.2
Madagascar,Sub-Saharan Africa,2000,17.5,0.8,1.5,8.4,5.1,5.5,22,12.8,10.5,5.2,10.3,2.8,5.9,3.5
Malawi,Sub-Saharan Africa,2013,5,8.4,1,0.5,1.1,9.8,9,7.9,7.1,4.4,4.8,3.2,3.5,2
Malawi,Sub-Saharan Africa,2012,5.4,8.4,1,0.6,1.1,10.3,9.3,7.9,7.3,4.5,5.1,3.3,3.6,2.1
Malawi,Sub-Saharan Africa,2011,6.1,10.9,1,0.4,1.2,9.9,9.8,8.5,7.6,4.6,5.5,3.3,3.8,2.2
Malawi,Sub-Saharan Africa,2010,6.7,12.6,1,2.1,1.3,10.8,10.3,8.9,7.9,4.8,5.7,3.1,3.8,2.2
Malawi,Sub-Saharan Africa,2009,7.2,13.7,1,0.2,1.4,13.4,10.6,9,8.3,5,6,3,3.8,2.2
Malawi,Sub-Saharan Africa,2008,8.3,15.6,1,0.7,1.7,14.1,11.6,9.4,8.7,5.3,6.6,2.9,4,2.4
Malawi,Sub-Saharan Africa,2007,9.7,17.8,1,0.5,2,14.6,12.9,9.8,9.3,5.5,7.3,2.9,4.3,2.6
Malawi,Sub-Saharan Africa,2006,11.2,19.7,1,0.3,2.1,17.5,13.6,9.5,9.6,5.7,8.1,2.9,4.6,2.9
Malawi,Sub-Saharan Africa,2005,12.6,21.2,1,1.7,2.4,20.2,14.8,10.4,9.8,5.9,8.7,2.9,4.8,3.1
Malawi,Sub-Saharan Africa,2004,14.7,22.1,1,1.5,2.9,21.9,16.4,11.2,10.2,6.1,9.6,2.9,5.2,3.3
Malawi,Sub-Saharan Africa,2003,16.9,22.7,1,1.2,3.4,25.3,18,12,10.8,6.3,10.4,2.9,5.5,3.6
Malawi,Sub-Saharan Africa,2002,18.7,23,1.1,0.9,4.4,29.9,19.8,13.1,11.2,6.2,10.8,2.8,5.6,3.7
Malawi,Sub-Saharan Africa,2001,20.2,23.1,1,0.5,6.8,32,23.3,13.2,11.5,7,11.2,3.2,5.6,3.8
Malawi,Sub-Saharan Africa,2000,23.1,23.2,1,0.2,7.7,35.2,25.2,14,12,6.9,12.2,3.2,6,4.1
Mali,Sub-Saharan Africa,2013,13.5,0.7,1.1,3,3.8,16.8,19.1,15.7,11.7,7.3,11.9,4.3,6.1,3.3
Mali,Sub-Saharan Africa,2012,14.7,0.7,1.1,1,4.1,17.5,20,15.8,12.1,7.6,12.4,4.4,6.2,3.4
Mali,Sub-Saharan Africa,2011,15.3,1,1.1,2.7,4.2,20.8,20.2,16.1,12.2,7.7,12.5,4.4,6.2,3.4
Mali,Sub-Saharan Africa,2010,16.9,1.2,1.1,4.7,4.5,20.5,21.2,16.5,12.6,7.6,13.2,4.6,6.5,3.7
Mali,Sub-Saharan Africa,2009,18.8,1.3,1.1,5.8,5,19.9,22.8,16.5,13,8,14.1,4.7,6.9,3.9
Mali,Sub-Saharan Africa,2008,20.5,1.5,1.1,0.4,5.4,21,23.8,16.9,13.2,8.2,14.7,4.8,7.1,4.1
Mali,Sub-Saharan Africa,2007,21.3,1.7,1.1,1.1,6.5,23.7,25.6,17.3,13.3,8.3,14.8,4.6,7,4.1
Mali,Sub-Saharan Africa,2006,20.9,1.9,1.1,0.8,7.2,32.1,25.7,17.3,13.4,8.4,14,4.5,6.5,3.8
Mali,Sub-Saharan Africa,2005,21.1,2.1,1.1,0.3,7.6,39.4,25.8,17.6,13.5,8.4,13.6,4.6,6.2,3.7
Mali,Sub-Saharan Africa,2004,22.7,2.2,1.2,1.7,8.2,44.5,26.8,17.9,13.8,8.3,13.9,4.5,6.2,3.7
Mali,Sub-Saharan Africa,2003,24.9,2.3,1.2,1.2,8.9,47.9,27.8,20.3,13,7,14.2,4.5,6.4,3.9
Mali,Sub-Saharan Africa,2002,27.2,2.4,1.2,0.1,9.7,50.7,29.1,21.1,12.7,7.2,14.7,4.9,6.6,4.1
Mali,Sub-Saharan Africa,2001,29.4,2.4,1.2,14.4,10.3,52.9,30.2,21.9,12.6,6.5,15.1,5.1,6.7,4.2
Mali,Sub-Saharan Africa,2000,31.2,2.4,1.3,7.3,10.8,54.1,30.9,21.9,12.8,6.2,15.3,5.3,6.8,4.3
Mauritania,Sub-Saharan Africa,2013,8.9,0.3,1.1,0.8,2.3,8.7,14.2,15.2,9.6,7.2,7.8,5.1,4.8,2.6
Mauritania,Sub-Saharan Africa,2012,9.5,0.3,1.1,0.5,2.4,9,14.7,15.5,9.8,7.4,8.1,5.1,4.9,2.7
Mauritania,Sub-Saharan Africa,2011,10.1,0.5,1.1,2.2,2.6,9.3,15.2,15.8,10.3,7.3,7.8,4.8,5,3.2
Mauritania,Sub-Saharan Africa,2010,10.6,0.7,1.2,3.2,2.8,9.5,15.8,15.8,10.5,7.6,7.8,4.7,5,3.2
Mauritania,Sub-Saharan Africa,2009,11.2,0.8,1.2,1.7,2.9,9.7,16.2,15.9,10.8,7.6,8.6,4.5,5.1,2.8
Mauritania,Sub-Saharan Africa,2008,11.2,0.8,1.1,1.1,3.9,9.4,18.1,16.5,10.4,7.6,8.3,4.4,4.9,2.7
Mauritania,Sub-Saharan Africa,2007,11.9,0.9,1.1,0.9,4,9.6,18.4,16.7,10.4,7.8,8.5,4.4,4.9,2.7
Mauritania,Sub-Saharan Africa,2006,12.5,0.9,1.1,0.5,4.2,10,18.6,17.9,10.2,7.1,8.6,4.1,5,2.7
Mauritania,Sub-Saharan Africa,2005,13,0.9,1.1,0.1,4.3,10.3,18.8,18.1,10,7.1,8.7,4.1,5,2.8
Mauritania,Sub-Saharan Africa,2004,13.4,0.9,1.1,9.8,4.3,10.4,18.8,18.1,10,7.4,8.7,4.1,5,2.8
Mauritania,Sub-Saharan Africa,2003,13.8,0.9,1.1,7.2,4.3,10.4,18.8,18.1,9.9,7.3,8.8,4.3,5,2.8
Mauritania,Sub-Saharan Africa,2002,14.1,0.8,1.1,4.1,4.3,10.4,18.8,17.7,10,7.5,8.8,4.3,4.9,2.7
Mauritania,Sub-Saharan Africa,2001,14.5,0.8,1.2,6,4.3,10.4,18.8,18.5,9.7,6.9,8.7,3.6,4.9,2.7
Mauritania,Sub-Saharan Africa,2000,14.9,0.7,1.3,5.9,4.3,10.5,18.8,19.1,9.7,6.1,8.6,3.1,4.9,2.7
Mauritius,Sub-Saharan Africa,2013,0.2,0,0,0,0.2,0,1.4,3.9,0.8,1,0.7,4.1,1.1,1
Mauritius,Sub-Saharan Africa,2012,0.2,0,0,0,0.2,0,1.5,4,0.8,1,0.7,4.3,1.1,1
Mauritius,Sub-Saharan Africa,2011,0.3,0,0,0,0.2,0,1.6,4.1,0.8,1,0.9,4.2,1.1,1.1
Mauritius,Sub-Saharan Africa,2010,0.2,0.2,0,0,0.3,0,1.4,4.3,1.3,0.3,1.3,4.1,1.3,1
Mauritius,Sub-Saharan Africa,2009,0.2,0,0,0,0.2,0,1.4,4.4,0.9,1,0.8,4.2,0.9,1.8
Mauritius,Sub-Saharan Africa,2008,0.3,0.1,0,0,0.5,0,1.1,4.2,2.4,0.9,1.3,3.6,0.6,1.2
Mauritius,Sub-Saharan Africa,2007,0.3,0,0,0,0.1,0,1.1,5.5,1.4,0.7,1.3,3.2,1.4,1.1
Mauritius,Sub-Saharan Africa,2006,0.3,0,0,0,0.5,0,1,4.9,1.4,1.3,1.2,3.2,0.9,1.3
Mauritius,Sub-Saharan Africa,2005,0.1,0.1,0,0,0.2,0,1.1,4.4,0.9,0.9,0.8,4.4,1.4,1.3
Mauritius,Sub-Saharan Africa,2004,0.6,0,0,0,0.2,0,1.2,5.7,1,0.6,0.6,3.4,1.5,0.7
Mauritius,Sub-Saharan Africa,2003,0.3,0,0,0,0.3,0,1.2,4.8,1.9,0.3,0.5,3.4,1,1.9
Mauritius,Sub-Saharan Africa,2002,0.3,0,0,0,0.2,0,0.8,6.1,1.3,0.7,0.6,3.6,1.2,1.5
Mauritius,Sub-Saharan Africa,2001,0.3,0,0,0,0.3,0,1.1,6.5,2,0.6,0.7,3.3,1.1,1.5
Mauritius,Sub-Saharan Africa,2000,0.3,0,0,0,0.3,0,0.8,7.6,1.8,0.8,0.4,4.1,1.4,1.6
Mozambique,Sub-Saharan Africa,2013,7.3,5.7,1.1,0,1.8,15.4,12.2,10.6,9.7,5.9,6,3.6,4.1,2.9
Mozambique,Sub-Saharan Africa,2012,8,5.7,1.1,0.2,1.9,16.2,12.9,10.8,9.9,5.9,6.3,3.5,4.3,3.1
Mozambique,Sub-Saharan Africa,2011,8.6,8.1,1.1,0.9,2,18.7,13.2,11.2,10.3,6.1,6.5,3.5,4.3,3.1
Mozambique,Sub-Saharan Africa,2010,8.9,9.1,1.1,1.6,2.1,21.6,13.2,11.6,10.5,6.3,6.6,3.4,4.2,3
Mozambique,Sub-Saharan Africa,2009,9.5,9.3,1.1,0.2,2.2,22.8,13.6,12.1,10.8,6.5,6.8,3.4,4.2,3
Mozambique,Sub-Saharan Africa,2008,9.8,10.2,1.1,0.5,3.5,22.8,15.6,12.4,11.1,6.7,6.8,3.2,4.1,2.9
Mozambique,Sub-Saharan Africa,2007,10.2,11.4,1.1,0.5,3.6,25.5,15.6,12.7,11.4,6.8,6.9,3.1,4,2.8
Mozambique,Sub-Saharan Africa,2006,10.9,12.9,1.1,0.1,3.8,27.8,15.9,12.9,11.7,7,7.5,3.1,3.9,2.4
Mozambique,Sub-Saharan Africa,2005,11.6,12.5,1.1,8.9,4,29.2,16.4,13.4,12,7.1,7.8,3.2,4,2.4
Mozambique,Sub-Saharan Africa,2004,12.8,12,1.1,6.8,4.4,30.5,17.2,14.5,12,6.7,8.2,3.2,4.2,2.6
Mozambique,Sub-Saharan Africa,2003,14.2,11.4,1.1,6.9,4.7,32.3,18.2,14.9,12.4,6.8,8.7,3.3,4.3,2.7
Mozambique,Sub-Saharan Africa,2002,15.6,10.6,1.1,5.7,5.2,34.7,19.3,15.1,12.8,7,9.1,3.3,4.5,2.9
Mozambique,Sub-Saharan Africa,2001,17.3,9.5,1.1,6,5.7,37.2,20.5,15.1,13.4,7.4,9.7,3.4,4.7,3
Mozambique,Sub-Saharan Africa,2000,19.4,8.4,1.1,6.4,6.3,40.2,22.1,14.9,14.1,7.8,10.3,3.6,4.9,3.2
Namibia,Sub-Saharan Africa,2013,3.6,3.3,1.2,1.9,0.7,0,7.2,9.5,5.9,3.5,3.8,4.2,3.1,1.6
Namibia,Sub-Saharan Africa,2012,3.9,3.3,1.2,1.1,0.8,0,7.5,9.5,6,3.4,3.9,4,3.2,1.7
Namibia,Sub-Saharan Africa,2011,4.2,4.8,1.2,1.4,0.8,0.1,7.8,9.4,6,3.4,4,4,3.3,1.7
Namibia,Sub-Saharan Africa,2010,4.6,7.5,1.1,1.8,0.9,0.1,8,9.3,6.1,3.4,4.2,4,3.3,1.8
Namibia,Sub-Saharan Africa,2009,4.4,10.4,1.1,2.6,1.4,0.1,9.2,9.2,6.2,3.4,3.9,3.8,3,1.6
Namibia,Sub-Saharan Africa,2008,4.7,13.2,1.1,0.7,1.5,0.3,9.3,9.2,6.2,3.5,4,3.7,3,1.6
Namibia,Sub-Saharan Africa,2007,5,15.7,1.1,0.7,1.5,0.4,9.4,9.2,6.1,3.6,4,3.6,3,1.6
Namibia,Sub-Saharan Africa,2006,5,18.5,1.1,0.6,1.5,2.1,9.1,9,6.4,3.5,3.9,3.4,2.8,1.5
Namibia,Sub-Saharan Africa,2005,5.4,22.6,1.1,0.5,1.6,1.9,9.3,9,6.3,3.6,4,3.5,2.8,1.5
Namibia,Sub-Saharan Africa,2004,5.3,25.8,1.1,0.3,1.6,3.8,8.9,9.1,6.4,3.6,4.1,3.2,2.6,1.1
Namibia,Sub-Saharan Africa,2003,6,25.7,1.1,1.2,1.7,1.9,9.6,9.2,6.7,3.7,4.3,3.3,2.9,1.2
Namibia,Sub-Saharan Africa,2002,6.2,24.7,1.1,1.4,1.7,2.1,9.8,9,7.2,3.7,4.4,3.2,2.9,1.3
Namibia,Sub-Saharan Africa,2001,6.1,23.2,1.1,0.3,1.7,3.9,9.6,8.5,7.8,3.8,4.3,3.1,2.8,1.2
Namibia,Sub-Saharan Africa,2000,6.5,21.1,1.1,0.4,1.7,2.5,10,9.2,7.6,3.8,4.3,3.3,2.9,1.5
Niger,Sub-Saharan Africa,2013,11.8,0.4,1.1,0.6,3.4,18.9,17.7,10.1,8.3,4.5,11.2,2.5,6.1,3.1
Niger,Sub-Saharan Africa,2012,12.9,0.4,1.1,0.5,3.6,20,18.4,11.3,7.4,5.5,11.6,2.8,6.3,3.3
Niger,Sub-Saharan Africa,2011,14.8,0.4,1.2,0.2,4,20.2,20.1,10.8,8.7,5.1,12.8,2.7,6.8,3.6
Niger,Sub-Saharan Africa,2010,16.3,0.6,1.2,0.5,4.5,22.1,21.2,11.8,8.4,5.7,13.2,2.8,6.9,3.8
Niger,Sub-Saharan Africa,2009,17.7,0.8,1.2,0.3,4.8,26.2,21.9,12.1,8.7,5.9,13.6,2.9,7,3.9
Niger,Sub-Saharan Africa,2008,18.4,0.9,1.2,1.2,7.1,28.7,25.5,12.2,9.2,6,13.5,2.8,6.8,3.8
Niger,Sub-Saharan Africa,2007,21,1,1.3,1,8,29.8,27.5,12.9,9.5,5.9,14.5,2.8,7.2,4.1
Niger,Sub-Saharan Africa,2006,23.4,1.1,1.3,0.8,8.9,32.3,29.1,13.5,9.8,5.8,15.3,2.8,7.4,4.4
Niger,Sub-Saharan Africa,2005,24.3,1.2,1.4,0.6,9.1,40.8,28.9,13.7,10.1,5.6,15.1,2.8,7.2,4.3
Niger,Sub-Saharan Africa,2004,25.5,1.2,1.4,25.8,9.4,49,29,13.8,10.5,5.4,15.1,2.9,7.1,4.2
Niger,Sub-Saharan Africa,2003,27.9,1.2,1.4,23,10.2,52.8,30.3,13.8,11,5.3,15.7,3.1,7.2,4.4
Niger,Sub-Saharan Africa,2002,30.4,1.1,1.4,14.7,11,55.7,31.6,13.6,11.4,5.3,16.4,3.3,7.4,4.6
Niger,Sub-Saharan Africa,2001,32.7,1,1.4,28.9,11.7,57.6,32.7,13.4,11.8,5.1,16.8,3.6,7.6,4.7
Niger,Sub-Saharan Africa,2000,34.1,1,1.4,10.8,12.1,58,32.9,13,12.2,4.9,16.9,3.9,7.5,4.7
Nigeria,Sub-Saharan Africa,2013,11,3.5,1.4,0.7,3.6,23.8,17.2,14.1,12,5.9,8.9,3.7,5.2,2.7
Nigeria,Sub-Saharan Africa,2012,11.7,3.5,1.4,0.7,4.4,24.2,18.8,15,12,5.7,9.1,3.4,5.2,2.7
Nigeria,Sub-Saharan Africa,2011,12.5,3.8,1.3,2.5,4.8,25.2,19.9,14.2,13.3,5.3,9.5,3.5,5.3,2.8
Nigeria,Sub-Saharan Africa,2010,13,4.2,1.3,1.3,5,28,20.1,13.6,13.7,6.2,9.6,3.7,5.3,2.8
Nigeria,Sub-Saharan Africa,2009,13.2,4.4,1.3,0.3,5,32.2,19.7,13.8,13.5,6.6,9.4,3.8,5.1,2.7
Nigeria,Sub-Saharan Africa,2008,13.6,4.6,1.3,1.8,5,36.3,19.7,13.9,14,6.3,9.3,3.5,5,2.7
Nigeria,Sub-Saharan Africa,2007,14.4,4.8,1.4,0.9,5.2,38.8,20.1,14,14.4,6,9.5,3.3,5,2.7
Nigeria,Sub-Saharan Africa,2006,15.3,5,1.4,3,5.5,40.8,20.6,14.3,14.6,6.1,9.6,3.4,5,2.7
Nigeria,Sub-Saharan Africa,2005,16.4,5,1.4,14.5,5.8,42.2,21.2,14.6,14.8,6.1,9.9,3.4,5.1,2.8
Nigeria,Sub-Saharan Africa,2004,17.6,5,1.4,7,6.1,43.6,22,14.8,15,6,10.2,3.4,5.2,2.9
Nigeria,Sub-Saharan Africa,2003,18.9,4.8,1.4,19.8,6.5,45,22.8,15.1,15.2,6,10.5,3.4,5.3,3
Nigeria,Sub-Saharan Africa,2002,20.2,4.6,1.5,8.7,6.8,46.1,23.5,15.3,15.4,5.8,10.9,3.5,5.4,3.1
Nigeria,Sub-Saharan Africa,2001,21.4,4.3,1.4,24.2,7.1,47.1,24.1,15.6,15.5,5.9,11.1,3.6,5.5,3.2
Nigeria,Sub-Saharan Africa,2000,22.8,4,1.4,31.6,7.4,48.2,24.7,15.9,15.5,5.9,11.4,3.8,5.6,3.2
Rwanda,Sub-Saharan Africa,2013,4.8,0.8,1,0.3,0.9,2.2,9.1,6.1,6.8,3.8,4.8,4.1,4.1,2.3
Rwanda,Sub-Saharan Africa,2012,5.2,0.8,1,0.3,1,2.3,9.5,6.4,7,3.9,5.1,4.1,4.2,2.4
Rwanda,Sub-Saharan Africa,2011,5.8,1,1,0.2,1.1,2.2,10.1,6.7,7.3,4.1,5.5,4,4.3,2.5
Rwanda,Sub-Saharan Africa,2010,6.5,1.6,1,0.1,1.2,2.1,10.7,7.2,7.8,4.3,6.3,4,4.4,2.2
Rwanda,Sub-Saharan Africa,2009,7.7,1.9,1,0.3,1.4,2.6,11.8,7.3,8.5,4.7,7,4,4.8,2.4
Rwanda,Sub-Saharan Africa,2008,9.3,2.6,1,0.3,1.7,3.3,13.4,7.4,9.5,4.9,8.1,3.9,5.3,2.8
Rwanda,Sub-Saharan Africa,2007,11.8,3.9,1,0.2,2.1,4.1,15.8,7.9,10.4,5.1,9.6,4,6,3.3
Rwanda,Sub-Saharan Africa,2006,15.5,5.6,1,0.6,2.7,5.5,19.1,8.6,11.2,5.7,11.7,4.3,7.1,4
Rwanda,Sub-Saharan Africa,2005,20.3,6.9,1,0.4,3.7,8,23.3,9.3,12.5,5.9,14.2,4.3,8.3,4.9
Rwanda,Sub-Saharan Africa,2004,23.5,7.2,1,0.1,4.5,9.2,25.6,10.1,13.4,6.2,15.4,4.2,8.5,5.1
Rwanda,Sub-Saharan Africa,2003,26.6,6.7,1,1.1,4.9,9.9,26.7,10.6,14.2,6.7,16.3,4.4,8.7,5.3
Rwanda,Sub-Saharan Africa,2002,29.6,5.8,1,1.5,5.8,10.3,28.6,11.1,15.1,7,16.9,4,8.7,5.5
Rwanda,Sub-Saharan Africa,2001,29.6,5.3,1,1,10.1,9.7,33.4,11.8,15.4,6.8,15.9,3.9,7.9,5
Rwanda,Sub-Saharan Africa,2000,31.5,5.3,1,1.2,10.7,9.8,34,11.5,15.9,7.6,16.1,4.3,7.8,5.1
Sao Tome and Principe,Sub-Saharan Africa,2013,4.4,0.3,0.2,0.7,0.8,4.3,8.2,6.6,6.5,3.5,4.6,5.2,3.6,2.3
Sao Tome and Principe,Sub-Saharan Africa,2012,4.6,0.3,0.2,0.6,0.8,4.4,8.4,6.9,6.7,3.7,4.8,5.2,3.6,2.4
Sao Tome and Principe,Sub-Saharan Africa,2011,5,0.3,0.2,0.5,0.9,4.6,8.7,7.1,6.8,3.8,5,5.2,3.7,2.4
Sao Tome and Principe,Sub-Saharan Africa,2010,5.3,0.4,0.2,0.4,0.9,4.8,8.9,7.3,7,3.8,5.1,5.3,3.7,2.4
Sao Tome and Principe,Sub-Saharan Africa,2009,5.2,0.5,0.2,0.2,1.6,4.8,10.6,7.5,7.2,4,5,5,3.5,2.2
Sao Tome and Principe,Sub-Saharan Africa,2008,5.6,0.5,0.2,0,1.7,5.3,11,7.7,7.4,4,5.2,5,3.5,2.2
Sao Tome and Principe,Sub-Saharan Africa,2007,6.1,0.6,0.2,0.8,1.8,5.4,11.4,8,7.6,4.1,5.4,4.8,3.7,2.3
Sao Tome and Principe,Sub-Saharan Africa,2006,6.6,1,0.2,0.8,1.9,5.6,11.8,8.4,7.9,4.3,5.7,4.8,3.7,2.3
Sao Tome and Principe,Sub-Saharan Africa,2005,7.2,1,0.2,0.8,2.1,6.3,12.2,8.9,7.9,4.4,6.2,4.7,3.8,2
Sao Tome and Principe,Sub-Saharan Africa,2004,7.9,1.1,0.2,0.8,2.2,6.9,12.8,9.6,7.9,4.6,6.5,4.7,3.9,2.1
Sao Tome and Principe,Sub-Saharan Africa,2003,8.7,1.3,0.2,0.8,2.5,7.1,13.5,10.3,8,4.8,6.8,4.6,4.1,2.2
Sao Tome and Principe,Sub-Saharan Africa,2002,9.7,1.4,0.2,0.8,2.7,7.5,14.3,11.1,8.2,4.9,7.2,4.5,4.3,2.3
Sao Tome and Principe,Sub-Saharan Africa,2001,10.9,1.2,0.2,0.6,3,7.6,15.3,11.8,8.3,4.9,7.7,4.3,4.5,2.5
Sao Tome and Principe,Sub-Saharan Africa,2000,12,1.3,0.2,0.1,3.2,7.9,16.1,12.6,8.5,4.8,8.1,4,4.7,2.6
Senegal,Sub-Saharan Africa,2013,3.5,0.5,1,1.1,0.7,9.2,6.9,8,6.9,4.6,3.1,4.2,2.7,1.8
Senegal,Sub-Saharan Africa,2012,4,0.5,1,0.7,0.8,9.8,7.4,8.4,7.2,4.8,3.3,4.3,2.8,1.9
Senegal,Sub-Saharan Africa,2011,4.5,0.6,1,0.7,0.9,10.1,8,9,7.6,5,3.6,4.3,3,2.2
Senegal,Sub-Saharan Africa,2010,5.4,0.6,1,1.1,1.1,10.2,9,9.5,8,5.2,4,4.4,3.3,2.5
Senegal,Sub-Saharan Africa,2009,6.1,0.7,1,1.2,1.3,11.4,9.7,10,8.5,5.5,4.3,4.4,3.5,2.8
Senegal,Sub-Saharan Africa,2008,6.5,0.8,1,0.5,1.3,15,9.9,10.4,9,5.9,4.4,4.3,3.4,2.8
Senegal,Sub-Saharan Africa,2007,7.3,0.9,1,0.2,1.4,17.4,10.4,10.9,9.7,6.2,4.7,4.4,3.5,3
Senegal,Sub-Saharan Africa,2006,8.2,0.9,1,0.6,1.6,19.8,11.2,11.4,10.2,6.5,4.9,4.3,3.7,3.3
Senegal,Sub-Saharan Africa,2005,8.8,0.9,1.1,0.5,2.5,21.9,13.1,12.1,10.6,6.6,4.9,4.1,3.6,3.3
Senegal,Sub-Saharan Africa,2004,9.9,0.9,1.1,0.1,3.1,24.2,14.5,13,11,6.9,5.3,3.9,3.8,3.6
Senegal,Sub-Saharan Africa,2003,11.3,0.8,1.2,6.1,3.5,27,15.6,13.7,11.9,6.6,5.6,3.8,3.9,3.8
Senegal,Sub-Saharan Africa,2002,12.9,0.8,1.2,23.6,3.9,29.5,16.8,14.9,12.2,6.4,6,3.8,4.1,4.1
Senegal,Sub-Saharan Africa,2001,14.3,0.7,1.2,19,4.3,31.6,17.6,16.7,11.4,6.7,6.3,3.8,4.3,4.4
Senegal,Sub-Saharan Africa,2000,15.5,0.6,1.2,7,4.7,33,18.3,17.3,11.6,6.7,6.6,3.9,4.4,4.5
Seychelles,Sub-Saharan Africa,2013,0.1,0,0,0,0.1,0,0.7,4.2,1.4,1.3,0.9,3.1,0.7,1.4
Seychelles,Sub-Saharan Africa,2012,0.1,0,0,0,0.1,0,0.7,4.3,1.5,1.3,0.9,3.2,0.8,1.5
Seychelles,Sub-Saharan Africa,2011,0.1,0,0,0,0.2,0,0.7,4.3,1.5,1.2,1,3.2,0.8,1.5
Seychelles,Sub-Saharan Africa,2010,0.1,0,0,0,0.1,0,0.7,4.4,1.5,1.3,0.9,3.2,0.7,1.4
Seychelles,Sub-Saharan Africa,2009,0.1,0,0,0,0.1,0,0.8,4.2,1.4,1.2,0.8,3.2,0.7,1.5
Seychelles,Sub-Saharan Africa,2008,0.1,0,0,0,0.1,0,0.8,4.3,1.5,1.3,0.7,3.2,0.7,1.4
Seychelles,Sub-Saharan Africa,2007,0.1,0,0,0,0.1,0,0.8,4.4,1.5,1.3,0.8,3.3,0.7,1.5
Seychelles,Sub-Saharan Africa,2006,0.1,0,0,0,0.1,0,0.8,4.3,1.5,1.1,0.9,3.3,0.7,1.5
Seychelles,Sub-Saharan Africa,2005,0.1,0,0,0,0.1,0,0.8,4.4,1.5,1.1,0.8,3.3,0.7,1.3
Seychelles,Sub-Saharan Africa,2004,0.1,0,0,0,0.1,0,0.9,4.3,1.5,1,0.9,3.4,0.7,1.4
Seychelles,Sub-Saharan Africa,2003,0.1,0,0,0,0.1,0,0.9,4.5,1.5,0.9,0.9,3.5,0.7,1.3
Seychelles,Sub-Saharan Africa,2002,0.1,0,0,0,0.1,0,0.9,4.5,1.5,0.8,0.9,3.6,0.7,1.3
Seychelles,Sub-Saharan Africa,2001,0.1,0,0,0,0.1,0,0.9,4.5,1.5,0.8,1,3.6,0.7,1.3
Seychelles,Sub-Saharan Africa,2000,0.1,0,0,0,0.1,0,0.8,4.5,1.6,0.7,0.9,3.6,0.6,1.1
Sierra Leone,Sub-Saharan Africa,2013,21.4,0.8,1,8.2,5.3,22.1,26.7,15.6,15.2,8.6,15.6,6.6,7.7,4.9
Sierra Leone,Sub-Saharan Africa,2012,23,0.8,1,10.6,5.7,22.9,27.7,15.9,15.4,8.7,16.1,6.8,7.8,5
Sierra Leone,Sub-Saharan Africa,2011,23.7,1.3,1,24.1,5.9,27.2,27.8,16.2,15.5,8.6,16,6.8,7.7,5
Sierra Leone,Sub-Saharan Africa,2010,22.7,1.6,1,6,5.6,37.7,26.3,16.1,15.4,8.7,14.8,6.4,7.1,4.6
Sierra Leone,Sub-Saharan Africa,2009,22.8,1.7,1.1,1.6,5.6,44.3,26.1,14.9,15.9,9.3,14.4,6.3,6.8,4.4
Sierra Leone,Sub-Saharan Africa,2008,24.2,1.9,1.1,1.4,6.2,46.3,27.2,14.6,16.2,9.4,14.7,6.1,6.9,4.5
Sierra Leone,Sub-Saharan Africa,2007,24.1,2.1,1.1,0.6,6.7,52.3,27.1,15.5,15.8,9.1,14,5.5,6.5,4.3
Sierra Leone,Sub-Saharan Africa,2006,23.5,2,1.1,1.5,9.2,54.6,28.8,16.6,14.8,8.9,13.2,5.4,6.1,4
Sierra Leone,Sub-Saharan Africa,2005,24.7,1.9,1.2,0.9,9.4,56.6,29.2,17.4,14.2,9.1,13.3,5.7,6.1,4
Sierra Leone,Sub-Saharan Africa,2004,26,1.7,1.2,0.2,9.8,58.2,29.7,17.7,14.1,9,13.6,6,6.2,4.1
Sierra Leone,Sub-Saharan Africa,2003,27.5,1.5,1.1,10.1,10.2,59.5,30.3,17.8,13.9,9,13.9,6.2,6.3,4.2
Sierra Leone,Sub-Saharan Africa,2002,29.2,1.3,1.2,11.1,10.6,60.8,31,18.3,14.1,8.4,14.2,5.9,6.4,4.2
Sierra Leone,Sub-Saharan Africa,2001,30.8,1.1,1.4,14.5,10.9,61.7,31.5,19.2,13.9,7.3,14.3,5.7,6.5,4.3
Sierra Leone,Sub-Saharan Africa,2000,32,0.9,1.4,30.2,11.2,62.1,31.4,20.7,13.1,6.9,14.4,5.6,6.4,4.3
Somalia,Sub-Saharan Africa,2005,18.4,0.6,1.6,15.4,6.6,3.2,27,15,16.1,6,14.5,4.3,7.3,4.3
Somalia,Sub-Saharan Africa,2004,18.9,0.6,1.6,19.5,8,3.2,28.9,15.3,16.1,6.1,14.4,4.3,7.2,4.2
Somalia,Sub-Saharan Africa,2003,20,0.6,1.6,32.5,8.3,3.2,29.5,15.7,16.1,6.2,14.8,4.4,7.3,4.3
Somalia,Sub-Saharan Africa,2002,21.5,0.6,1.6,9.3,8.8,1.4,30.5,16,16.1,6.3,15.4,4.5,7.5,4.5
Somalia,Sub-Saharan Africa,2001,22.4,0.6,1.6,25.6,9,3.6,30.8,15.8,16.5,6.1,15.6,4.4,7.5,4.5
Somalia,Sub-Saharan Africa,2000,23.3,0.6,1.6,10.6,9.2,6,30.7,17.6,15.4,5.4,15.5,4.2,7.4,4.5
Somalia,Sub-Saharan Africa,2013,25.1,0.7,1.6,11.6,9.7,3.9,32,17.6,15.6,5.5,16.2,4.4,7.7,4.7
Somalia,Sub-Saharan Africa,2012,26,0.7,1.7,23.4,9.8,4.1,32.1,18.2,15.3,5.6,16.2,4.4,7.7,4.7
Somalia,Sub-Saharan Africa,2011,26.5,0.7,1.6,25.5,9.8,4.5,31.9,18.6,14.9,5.6,16.1,4.4,7.6,4.7
Somalia,Sub-Saharan Africa,2010,26.8,0.7,1.6,27,9.6,4.3,31.4,18.8,14.7,5.5,15.9,4.4,7.6,4.6
Somalia,Sub-Saharan Africa,2009,26.9,0.7,1.6,18.5,9.5,4.2,30.8,19,14.3,5.9,15.6,4.4,7.4,4.6
Somalia,Sub-Saharan Africa,2008,26.8,0.7,1.6,21.6,9.2,4.3,30.1,18.4,14.6,6,15.3,4.4,7.3,4.4
Somalia,Sub-Saharan Africa,2007,26.7,0.7,1.6,38.7,8.9,4.4,29.2,19.4,13.9,6.2,14.8,4.1,7.1,4.3
Somalia,Sub-Saharan Africa,2006,26.7,0.7,1.6,43.3,8.7,4.4,28.5,19.7,13.7,6,14.5,4.1,7,4.2
South Africa,Sub-Saharan Africa,2005,3.2,7.6,0.2,0.9,0.7,0,7.3,6.2,4.1,1.8,4.9,2.5,3,2.2
South Africa,Sub-Saharan Africa,2004,3.4,7.6,0.2,0.5,0.8,0,7.4,6.3,4.2,1.8,4.9,2.8,3.1,2.2
South Africa,Sub-Saharan Africa,2003,3.7,8.8,0.2,0.9,0.8,0,7.6,6.4,4.3,1.8,5.2,2.8,3.1,2.2
South Africa,Sub-Saharan Africa,2002,4.2,12.7,0.2,3,0.9,0,8,6.6,4.4,1.8,5.4,2.8,3.1,2.3
South Africa,Sub-Saharan Africa,2001,4.8,20.6,0.2,0.7,1.1,0,8.3,6.9,4.6,1.8,5.7,3,3.1,2.3
South Africa,Sub-Saharan Africa,2000,5.3,25,0.2,0.1,1.1,0,8.7,7.3,4.5,2,5.8,2.8,3.2,2.3
South Africa,Sub-Saharan Africa,2013,5.7,27.9,0.2,0.3,1.2,0,8.9,7.6,4.3,2.1,5.6,2.7,3.2,2.2
South Africa,Sub-Saharan Africa,2012,6,31.3,0.2,0.3,1.2,0,8.8,7.7,4.5,1.7,6.2,2.6,3.2,2.2
South Africa,Sub-Saharan Africa,2011,6.2,33.4,0.2,0.3,1.3,0,8.9,7.8,4.6,1.7,6.3,2.6,3.1,2
South Africa,Sub-Saharan Africa,2010,6.3,34.6,0.2,0.4,1.4,0,8.9,7.8,4.6,1.7,6.7,2.5,3.1,1.6
South Africa,Sub-Saharan Africa,2009,6.5,34.7,0.2,0.4,1.3,0,8.9,7.9,4.7,1.7,6.7,2.5,3.1,1.6
South Africa,Sub-Saharan Africa,2008,6.7,33.4,0.2,0.6,1.3,0.1,9,8,4.7,1.8,6.8,2.6,3.1,1.6
South Africa,Sub-Saharan Africa,2007,6.9,30.6,0.2,0.5,1.3,0.1,9.1,8,4.7,1.8,6.9,2.6,3.2,1.7
South Africa,Sub-Saharan Africa,2006,7.2,26.9,0.2,0.6,1.3,0.1,9.3,8.1,4.8,1.8,7.1,2.7,3.3,1.7
South Sudan,Sub-Saharan Africa,2005,9.8,2.7,1.3,0.3,3.9,5.4,18.9,15.2,12.4,5.6,8.7,3.5,5.1,2.7
South Sudan,Sub-Saharan Africa,2004,10.6,2.7,1.3,2.3,4.2,5.6,19.6,15.4,12.5,6,9,3.8,5.2,2.8
South Sudan,Sub-Saharan Africa,2003,11.3,2.9,1.3,1.4,4.4,5.7,20,16.2,12.2,6.4,9.3,4,5.3,2.8
South Sudan,Sub-Saharan Africa,2002,12.2,3.2,1.3,0.9,4.7,5.7,20.8,16.5,12.4,6.5,9.6,4,5.4,2.9
South Sudan,Sub-Saharan Africa,2001,13.3,3.5,1.4,0.5,5,5.9,21.7,16.7,12.9,6.4,10,4,5.6,3.1
South Sudan,Sub-Saharan Africa,2000,14.4,3.6,1.4,0.6,5.3,6.5,22.6,17,13,6.7,10.5,4,5.7,3.2
South Sudan,Sub-Saharan Africa,2013,15.7,3.8,1.5,0.7,5.7,7.4,23.5,17.1,13.5,6.7,10.9,4,5.9,3.3
South Sudan,Sub-Saharan Africa,2012,17.1,3.9,1.6,0.8,6.2,8.6,24.6,17.2,13.9,6.6,11.3,4,6,3.4
South Sudan,Sub-Saharan Africa,2011,18.7,4,1.7,1.6,6.6,9.6,25.6,17.8,14.1,6.6,11.8,3.9,6.2,3.5
South Sudan,Sub-Saharan Africa,2010,20.7,4,1.8,3.6,7.3,10.4,27.1,18.4,14.4,6.5,12.5,4,6.5,3.7
South Sudan,Sub-Saharan Africa,2009,23,4,1.9,8,8,11,28.6,19.5,14.3,6.6,13.1,4.1,6.7,3.9
South Sudan,Sub-Saharan Africa,2008,25.4,3.8,2,8.4,8.8,11.5,30.2,20.3,14.3,6.5,13.8,4.1,7,4.2
South Sudan,Sub-Saharan Africa,2007,28.2,3.7,2.1,8.1,9.6,12.1,31.9,21.1,14.3,6.6,14.6,4.3,7.3,4.4
South Sudan,Sub-Saharan Africa,2006,31.4,3.4,2.2,6,10.6,12.8,33.9,21.6,14.6,6.3,15.5,4.6,7.6,4.7
Sudan,Sub-Saharan Africa,2005,8.5,0.4,1.1,0.4,1.9,1.6,13.9,10.7,9.6,6.3,8.1,4.9,5.2,2.6
Sudan,Sub-Saharan Africa,2004,9.1,0.4,1.1,2.7,2,1.6,14.4,10.9,9.9,6.5,8.4,4.9,5.4,2.7
Sudan,Sub-Saharan Africa,2003,9.6,0.4,1.1,1.7,2.1,1.6,14.7,11.1,10.1,6.6,8.6,5,5.4,2.7
Sudan,Sub-Saharan Africa,2002,10,0.4,1.1,1,2.4,1.7,15.4,11.3,10.2,6.7,8.6,4.9,5.4,2.7
Sudan,Sub-Saharan Africa,2001,10.6,0.4,1.2,0.5,2.5,1.6,15.9,11.5,10.5,6.5,8.8,4.6,5.4,2.8
Sudan,Sub-Saharan Africa,2000,11.3,0.4,1.2,0.6,2.6,1.1,16.1,12,10.4,6.7,9.1,4.5,5.6,2.9
Sudan,Sub-Saharan Africa,2013,11,0.4,1.2,0.7,3.6,1.1,18.3,11.9,10.5,6.7,8.5,4.2,5.2,2.7
Sudan,Sub-Saharan Africa,2012,11.5,0.4,1.2,0.8,3.7,1.4,18.5,12.3,10.7,6.6,8.6,3.9,5.2,2.7
Sudan,Sub-Saharan Africa,2011,12.1,0.4,1.2,1.6,3.9,1.4,18.8,12.6,10.9,6.4,8.8,3.7,5.3,2.7
Sudan,Sub-Saharan Africa,2010,12.6,0.5,1.3,3.5,3.9,2.5,18.9,12.9,11,6.4,8.8,3.6,5.2,2.7
Sudan,Sub-Saharan Africa,2009,13.4,0.5,1.3,7.8,4.1,2.3,19.3,13.7,10.8,6.3,9,3.5,5.3,2.8
Sudan,Sub-Saharan Africa,2008,14.2,0.5,1.3,8.3,4.3,2.2,19.7,14.4,10.8,6.2,9.2,3.3,5.4,2.8
Sudan,Sub-Saharan Africa,2007,15,0.5,1.3,8,4.4,2.2,20,14.6,10.8,6.3,9.4,3.3,5.5,2.9
Sudan,Sub-Saharan Africa,2006,15.9,0.4,1.3,5.9,4.6,3.2,20.5,15,11.1,6.1,9.6,3.2,5.5,3
Swaziland,Sub-Saharan Africa,2005,7.4,11.6,1.1,0.1,1.5,0,12.3,11.3,9.8,5.3,6.1,4.6,4.6,3.4
Swaziland,Sub-Saharan Africa,2004,7.9,11.6,1.1,0,1.6,0,12.7,11.4,9.8,5.3,6.3,4.5,4.7,3.5
Swaziland,Sub-Saharan Africa,2003,8.5,14.6,1.2,0,1.8,0,13.1,11.6,10,5.4,6.3,4.7,4.7,3.6
Swaziland,Sub-Saharan Africa,2002,9.2,19.3,1.2,0,2,0,13.5,11.7,10.1,5.4,6.3,4.8,4.7,3.8
Swaziland,Sub-Saharan Africa,2001,10,30.7,1.3,0,2.2,0,13.8,12.1,10.9,5.7,6.4,4.6,4.5,3.7
Swaziland,Sub-Saharan Africa,2000,9.7,36.4,1.2,0,3.6,0,15.7,11.9,11.2,5.9,6,4.3,4.1,3.3
Swaziland,Sub-Saharan Africa,2013,10.2,38.8,1.3,0,3.7,0,16,11.7,11.4,5.9,6.1,4.3,4.1,3.3
Swaziland,Sub-Saharan Africa,2012,10.9,43.2,1.3,0,3.9,0,16.3,11.9,11.3,5.8,6.3,4.3,4.1,3.3
Swaziland,Sub-Saharan Africa,2011,11.5,47.4,1.3,0,4,0,16.5,12.1,11.3,5.7,6.4,4.2,4.1,3.3
Swaziland,Sub-Saharan Africa,2010,11.8,48.5,1.3,0,4.1,0.1,16.5,12.1,11.5,5.7,6.5,4.2,4.1,3.2
Swaziland,Sub-Saharan Africa,2009,12.2,48.4,1.3,0,4.1,0,16.6,12.2,11.6,5.7,6.6,4.2,4.1,3.2
Swaziland,Sub-Saharan Africa,2008,12.4,47.2,1.2,0,4,0.1,16.5,12.2,11.7,5.8,6.7,4.1,4.1,3.1
Swaziland,Sub-Saharan Africa,2007,12.5,45.4,1.2,0,3.9,0.1,16.4,12.1,11.8,5.8,6.6,4.1,4.1,3
Swaziland,Sub-Saharan Africa,2006,12.5,43,1.3,0,3.8,0.1,16.2,11.8,11.9,5.8,6.6,4,4,2.9
Togo,Sub-Saharan Africa,2005,7.1,1.3,1,0.7,1.8,14.7,11.9,10.7,10.4,5.8,6.6,4.4,4.1,2.1
Togo,Sub-Saharan Africa,2004,7.7,1.3,1,0.7,1.9,15.3,12.4,10.7,10.7,6,6.8,4.5,4.2,2.2
Togo,Sub-Saharan Africa,2003,7.9,2.2,1,0.3,1.9,17,12.3,10.9,10.9,6.1,6.8,4.4,4.1,2.2
Togo,Sub-Saharan Africa,2002,8.6,3.4,1,0.8,2,15.6,13,11.2,11.1,6.2,7.2,4.4,4.3,2.3
Togo,Sub-Saharan Africa,2001,9.2,4,1.1,0.5,2.2,15.3,13.5,11.5,11.4,6.2,7.4,4.3,4.4,2.4
Togo,Sub-Saharan Africa,2000,9,4.6,1.1,0.9,2.8,17,14.5,11.5,11.5,6.3,7,4,4.1,2.2
Togo,Sub-Saharan Africa,2013,9,5.1,1.1,0.6,3.1,18.7,14.7,11.6,11.7,6.4,6.8,4,3.9,2.1
Togo,Sub-Saharan Africa,2012,9.5,5.5,1.1,0.4,3.1,19.4,14.9,11.9,11.6,6.6,6.9,4.2,4,2.1
Togo,Sub-Saharan Africa,2011,10.7,5.7,1.1,0.2,3.5,17,16,12.4,11.6,6.7,7.4,4.1,4.2,2.3
Togo,Sub-Saharan Africa,2010,10.8,6,1.2,0.9,3.4,19.6,15.7,12.9,11.6,6.7,7.2,3.9,4.1,2.2
Togo,Sub-Saharan Africa,2009,10.3,6.1,1.2,0.7,3.2,25,14.7,13,11.9,6.4,6.7,3.5,3.7,2
Togo,Sub-Saharan Africa,2008,10.8,6,1.2,0.1,3.3,26.9,14.7,14.4,11.4,6,6.7,3.2,3.7,2
Togo,Sub-Saharan Africa,2007,11.3,5.8,1.3,5.2,3.4,28.1,14.9,14.7,11.3,6.1,6.7,3.1,3.7,2
Togo,Sub-Saharan Africa,2006,11.9,5.5,1.2,6.9,3.5,29.2,15.2,14.3,11.7,6.4,6.9,3.3,3.8,2.1
Uganda,Sub-Saharan Africa,2005,5.4,4.7,1.1,0.4,1.3,8.3,9.9,8,6.8,4.1,5.1,3.4,3.9,2.4
Uganda,Sub-Saharan Africa,2004,5.9,4.7,1.1,0.3,1.4,8.7,10.4,8.2,7,4.2,5.4,3.4,4,2.5
Uganda,Sub-Saharan Africa,2003,6.5,6.3,1.1,0.2,1.5,9.6,10.8,8.7,7.2,4.4,5.9,3.3,4.2,2.6
Uganda,Sub-Saharan Africa,2002,7.2,6.7,1.1,0.1,1.7,11.1,11.4,8.8,7.8,4.4,6.6,3.1,4.3,2.3
Uganda,Sub-Saharan Africa,2001,7.8,6.9,1.1,0.5,1.8,12.9,11.9,9,8.1,4.7,6.9,3.2,4.4,2.4
Uganda,Sub-Saharan Africa,2000,8.6,7,1.2,0.5,2.1,14.7,12.7,9.5,8.4,4.8,7.3,3,4.5,2.5
Uganda,Sub-Saharan Africa,2013,9.6,7.2,1.1,0.4,2.3,16.5,13.4,9.8,8.8,5,7.8,3.1,4.7,2.6
Uganda,Sub-Saharan Africa,2012,10.6,7.2,1.2,0.3,2.6,18.6,14.3,10.3,9.1,5.1,8.3,3,4.8,2.7
Uganda,Sub-Saharan Africa,2011,11.7,7.2,1.2,0.1,2.9,21.2,15,10.7,9.4,5.5,8.7,2.9,5,2.8
Uganda,Sub-Saharan Africa,2010,13.1,7.4,1.2,0,3.3,23.2,16.1,11.3,9.7,5.6,9.4,2.9,5.2,3
Uganda,Sub-Saharan Africa,2009,14.6,7.9,1.2,8.5,3.9,24.6,17.6,11.9,10,5.6,9.9,2.9,5.4,3.2
Uganda,Sub-Saharan Africa,2008,16.1,8.5,1.2,11.9,4.6,25.8,19.1,12.2,10.4,5.8,10.4,2.9,5.5,3.3
Uganda,Sub-Saharan Africa,2007,17.3,9.2,1.2,8.2,5.6,26.4,20.8,12.8,10.6,5.7,10.7,2.8,5.6,3.4
Uganda,Sub-Saharan Africa,2006,18.5,10.1,1.2,11.6,5.9,27.1,21.3,13.4,10.7,5.7,11,2.8,5.6,3.4
Tanzania,Sub-Saharan Africa,2005,3.8,3,1,0.1,0.7,5,7.6,5.8,7,4,4.4,3.9,3.2,1.4
Tanzania,Sub-Saharan Africa,2004,4.2,3,1,0.1,0.8,5.2,8,5.9,7.2,4.1,4.6,3.9,3.3,1.5
Tanzania,Sub-Saharan Africa,2003,4.6,3.7,1,0.2,0.9,5.6,8.4,6.2,7.4,4.2,4.8,3.8,3.4,1.6
Tanzania,Sub-Saharan Africa,2002,4.9,5.1,1,0.2,0.9,6.9,8.5,6.6,7.6,4.3,4.9,3.7,3.3,1.6
Tanzania,Sub-Saharan Africa,2001,5,6.5,1.1,0.3,1,9.6,8.5,6.7,8.2,4.5,4.9,3.5,3.2,1.5
Tanzania,Sub-Saharan Africa,2000,5.2,7.5,1.1,0.5,1.7,10.2,10.1,7.2,8.5,4.5,4.9,3.2,3.1,1.5
Tanzania,Sub-Saharan Africa,2013,6,8.6,1.1,0.7,1.9,10.6,11.1,7.7,9,4.8,5.4,3.2,3.3,1.6
Tanzania,Sub-Saharan Africa,2012,6.7,9.6,1,0.2,2.1,12.4,11.7,8,9.5,5.1,5.8,3.2,3.3,1.7
Tanzania,Sub-Saharan Africa,2011,7.6,10.4,1,0.3,2.4,14.1,12.5,8.4,10,5.4,6.2,3.2,3.5,1.8
Tanzania,Sub-Saharan Africa,2010,8.7,11.2,1,0.4,2.8,15.8,13.5,8.8,10.5,5.6,6.7,3.3,3.7,2
Tanzania,Sub-Saharan Africa,2009,9.9,11.7,1,0.6,3.1,18.3,14.5,9.3,11,6,7.2,3.3,3.8,2.1
Tanzania,Sub-Saharan Africa,2008,11.4,12.3,1,0.9,3.6,20.5,15.8,9.9,11.6,6.2,7.8,3.2,4.1,2.3
Tanzania,Sub-Saharan Africa,2007,13.2,12.7,1,1.7,4.1,22.6,17.3,10.5,11.9,6.5,8.5,3.3,4.3,2.5
Tanzania,Sub-Saharan Africa,2006,15.1,13,1.1,2.2,4.6,24.7,18.7,11.1,12.5,6.7,9.2,3.2,4.6,2.7
Zambia,Sub-Saharan Africa,2006,7.5,5,1.1,0.9,1.8,13.7,12.4,9.1,10.3,5.3,7.1,3.3,4.3,2.4
Zambia,Sub-Saharan Africa,2005,8.1,5,1.1,1.3,1.9,14.3,12.9,9.2,10.4,5.4,7.4,3.4,4.5,2.5
Zambia,Sub-Saharan Africa,2004,8.5,8.5,1.1,3.1,1.9,16.4,12.9,9.6,10.5,5.6,7.4,3.3,4.4,2.5
Zambia,Sub-Saharan Africa,2003,9.8,11.7,1.1,4.1,2.2,14.7,14,9.4,10.7,5.9,8.2,3.7,4.7,2.7
Zambia,Sub-Saharan Africa,2002,11.2,13.1,1,0.3,2.2,14,14.8,9.2,10.8,5.8,9,3.6,5,3
Zambia,Sub-Saharan Africa,2001,11.6,15.6,1,0.1,2.4,15.7,15.1,9.3,10.7,5.8,8.9,3.4,5,2.9
Zambia,Sub-Saharan Africa,2000,12.1,17.8,1.1,0.5,2.6,17.2,15.3,9.6,10.7,5.8,8.9,3.4,4.9,2.9
Zambia,Sub-Saharan Africa,2013,12.8,19.9,1.1,0.5,2.7,19.3,15.5,9.7,10.8,5.9,9.1,3.2,4.9,3
Zambia,Sub-Saharan Africa,2012,13.4,21.4,1.1,0.2,2.8,22.7,15.7,9.9,11.1,6.1,9.2,3.2,4.8,3
Zambia,Sub-Saharan Africa,2011,14.3,22.9,1,0,2.9,26.5,16,10.2,11.3,6.3,9.3,3.2,4.8,3
Zambia,Sub-Saharan Africa,2010,15.1,23.6,1,1.5,5.1,26.7,19.1,10.7,11.7,6.6,9.4,3.2,4.7,3
Zambia,Sub-Saharan Africa,2009,16.9,23.9,1,6.3,5.6,28.5,20.4,11.2,12.1,6.8,10,3.3,4.9,3.2
Zambia,Sub-Saharan Africa,2008,18.7,24.2,1,4.7,6.2,30.5,21.6,11.6,12.6,6.9,10.6,3.5,5.1,3.3
Zambia,Sub-Saharan Africa,2007,20.1,24.5,1,8.1,6.5,32.2,22.3,12.1,12.8,6.8,10.9,3.6,5.2,3.4
Zimbabwe,Sub-Saharan Africa,2006,7.7,8.1,0.2,1.9,1.6,1.1,12.6,14.4,12.6,6.7,7.6,5.1,4.4,2.6
Zimbabwe,Sub-Saharan Africa,2005,7.8,8.1,0.2,1.1,1.6,1.1,12.6,14.3,12.3,6.7,7.5,5.2,4.4,2.6
Zimbabwe,Sub-Saharan Africa,2004,8.2,13.1,0.2,1.1,1.7,1.3,12.7,14.4,12.5,6.8,7.5,5,4.3,2.6
Zimbabwe,Sub-Saharan Africa,2003,8.3,16.2,0.2,1.2,1.7,1.7,12.6,13.4,12.5,7,7.4,4.8,4.1,2.5
Zimbabwe,Sub-Saharan Africa,2002,8.4,19.7,0.2,0.9,1.9,1.2,12.8,12.9,12.3,6.6,7.2,4.2,4,2.5
Zimbabwe,Sub-Saharan Africa,2001,8.1,22.8,0.2,0.6,1.8,1.5,12.1,12.6,11.7,6.3,6.8,3.9,3.8,2.4
Zimbabwe,Sub-Saharan Africa,2000,7.1,25.9,0.2,0.3,2.4,2.3,12.2,11.8,11.1,5.9,5.9,3.6,3.2,2.1
Zimbabwe,Sub-Saharan Africa,2013,7,29.4,0.3,1.1,2.3,1.7,11.8,11.5,10.6,5.5,5.6,3.4,3.1,2
Zimbabwe,Sub-Saharan Africa,2012,6.8,33.1,0.3,0.9,2.2,1.8,11.2,11.2,10.4,5.2,5.3,3.2,2.9,1.9
Zimbabwe,Sub-Saharan Africa,2011,6.7,36.3,0.3,0.6,2.1,1.8,10.7,10.7,10.1,4.9,5.1,3.1,2.8,1.8
Zimbabwe,Sub-Saharan Africa,2010,6.6,39.4,0.3,0.4,2,1.7,10.3,10.5,9.7,4.7,4.9,3.1,2.7,1.8
Zimbabwe,Sub-Saharan Africa,2009,6.5,42.2,0.3,0.9,1.9,1.8,9.9,10.3,9.6,4.7,4.6,3,2.5,1.7
Zimbabwe,Sub-Saharan Africa,2008,6.4,44.2,0.3,0.6,1.9,1.8,9.5,10.3,9.5,4.7,4.5,3,2.4,1.7
Zimbabwe,Sub-Saharan Africa,2007,6.2,45.3,0.2,0.3,1.8,1.8,9.1,10.3,9.4,4.7,4.2,3,2.3,1.6